#tz	Europe/Andorra	Asia/Dubai	Asia/Kabul	America/Antigua	America/Anguilla	Europe/Tirane	Asia/Yerevan	Africa/Luanda	America/Argentina/Cordoba	America/Argentina/Buenos_Aires	America/Argentina/Ushuaia	America/Argentina/Salta	America/Argentina/Jujuy	America/Argentina/Tucuman	America/Argentina/San_Luis	America/Argentina/San_Juan	America/Argentina/Catamarca	America/Argentina/Rio_Gallegos	America/Argentina/Mendoza	America/Argentina/La_Rioja	Pacific/Pago_Pago	Europe/Vienna	Australia/Perth	Australia/Darwin	Australia/Adelaide	Australia/Sydney	Australia/Melbourne	Australia/Hobart	Australia/Brisbane	America/Aruba	Europe/Mariehamn	Asia/Baku	Europe/Sarajevo	America/Barbados	Asia/Dhaka	Europe/Brussels	Africa/Ouagadougou	Europe/Sofia	Asia/Bahrain	Africa/Bujumbura	Africa/Porto-Novo	America/St_Barthelemy	Atlantic/Bermuda	Asia/Brunei	America/La_Paz	America/Kralendijk	America/Fortaleza	America/Santarem	America/Recife	America/Maceio	America/Belem	America/Bahia	America/Sao_Paulo	America/Cuiaba	America/Campo_Grande	America/Araguaina	America/Rio_Branco	America/Porto_Velho	America/Manaus	America/Boa_Vista	America/Nassau	Asia/Thimphu	Africa/Gaborone	Europe/Minsk	America/Belize	America/Toronto	America/Edmonton	America/Moncton	America/Regina	America/Vancouver	America/Winnipeg	America/Halifax	America/St_Johns	Indian/Cocos	Africa/Lubumbashi	Africa/Kinshasa	Africa/Bangui	Africa/Brazzaville	Europe/Zurich	Africa/Abidjan	Pacific/Rarotonga	America/Santiago	America/Punta_Arenas	Africa/Douala	Asia/Shanghai	Asia/Urumqi	America/Bogota	America/Costa_Rica	America/Havana	Atlantic/Cape_Verde	America/Curacao	Indian/Christmas	Asia/Nicosia	Europe/Prague	Europe/Berlin	Africa/Djibouti	Europe/Copenhagen	America/Dominica	America/Santo_Domingo	Africa/Algiers	America/Guayaquil	Europe/Tallinn	Africa/Cairo	Africa/El_Aaiun	Africa/Asmara	Europe/Madrid	Atlantic/Canary	Africa/Ceuta	Africa/Addis_Ababa	Europe/Helsinki	Pacific/Fiji	Atlantic/Stanley	Pacific/Pohnpei	Atlantic/Faroe	Europe/Paris	Africa/Libreville	Europe/London	America/Grenada	Asia/Tbilisi	Europe/Moscow	America/Cayenne	Europe/Guernsey	Africa/Accra	Europe/Gibraltar	America/Nuuk	Africa/Banjul	Africa/Conakry	America/Guadeloupe	Africa/Malabo	Europe/Athens	Atlantic/South_Georgia	America/Guatemala	Pacific/Guam	Africa/Bissau	America/Guyana	Asia/Hong_Kong	America/Tegucigalpa	Europe/Zagreb	America/Port-au-Prince	Europe/Budapest	Europe/Dublin	Asia/Jerusalem	Europe/Isle_of_Man	Asia/Kolkata	Asia/Baghdad	Asia/Tehran	Atlantic/Reykjavik	Europe/Rome	Europe/Jersey	America/Jamaica	Asia/Amman	Asia/Tokyo	Africa/Nairobi	Asia/Bishkek	Asia/Phnom_Penh	Pacific/Tarawa	Indian/Comoro	America/St_Kitts	Asia/Pyongyang	Asia/Seoul	Asia/Kuwait	America/Cayman	Asia/Oral	Asia/Almaty	Asia/Atyrau	Asia/Aqtobe	Asia/Aqtau	Asia/Qyzylorda	Asia/Qostanay	Asia/Vientiane	Asia/Beirut	America/St_Lucia	Europe/Vaduz	Asia/Colombo	Africa/Monrovia	Africa/Maseru	Europe/Vilnius	Europe/Luxembourg	Europe/Riga	Africa/Tripoli	Africa/Casablanca	Europe/Monaco	Europe/Chisinau	Europe/Podgorica	America/Marigot	Indian/Antananarivo	Pacific/Majuro	Europe/Skopje	Africa/Bamako	Asia/Yangon	Asia/Ulaanbaatar	Asia/Macau	Pacific/Saipan	America/Martinique	Africa/Nouakchott	America/Montserrat	Europe/Malta	Indian/Mauritius	Indian/Maldives	Africa/Blantyre	America/Mexico_City	America/Merida	America/Monterrey	America/Matamoros	America/Cancun	America/Tijuana	America/Mazatlan	America/Hermosillo	America/Ciudad_Juarez	America/Chihuahua	Asia/Kuala_Lumpur	Asia/Kuching	Africa/Maputo	Africa/Windhoek	Pacific/Noumea	Africa/Niamey	Pacific/Norfolk	Africa/Lagos	America/Managua	Europe/Amsterdam	Europe/Oslo	Asia/Kathmandu	Pacific/Nauru	Pacific/Niue	Pacific/Auckland	Asia/Muscat	America/Panama	America/Lima	Pacific/Tahiti	Pacific/Port_Moresby	Asia/Manila	Asia/Karachi	Europe/Warsaw	America/Miquelon	Pacific/Pitcairn	America/Puerto_Rico	Asia/Gaza	Asia/Hebron	Europe/Lisbon	Atlantic/Madeira	Pacific/Palau	America/Asuncion	Asia/Qatar	Indian/Reunion	Europe/Bucharest	Europe/Belgrade	Europe/Volgograd	Europe/Ulyanovsk	Asia/Yekaterinburg	Europe/Samara	Europe/Saratov	Europe/Kirov	Europe/Kaliningrad	Europe/Astrakhan	Asia/Tomsk	Asia/Omsk	Asia/Novosibirsk	Asia/Novokuznetsk	Asia/Krasnoyarsk	Asia/Barnaul	Asia/Yakutsk	Asia/Vladivostok	Asia/Irkutsk	Asia/Chita	Asia/Sakhalin	Asia/Kamchatka	Asia/Magadan	Africa/Kigali	Asia/Riyadh	Pacific/Guadalcanal	Indian/Mahe	Africa/Khartoum	Europe/Stockholm	Asia/Singapore	Atlantic/St_Helena	Europe/Ljubljana	Arctic/Longyearbyen	Europe/Bratislava	Africa/Freetown	Europe/San_Marino	Africa/Dakar	Africa/Mogadishu	America/Paramaribo	Africa/Juba	Africa/Sao_Tome	America/El_Salvador	America/Lower_Princes	Asia/Damascus	Africa/Mbabane	America/Grand_Turk	Africa/Ndjamena	Indian/Kerguelen	Africa/Lome	Asia/Bangkok	Asia/Dushanbe	Asia/Dili	Asia/Ashgabat	Africa/Tunis	Pacific/Tongatapu	Europe/Istanbul	America/Port_of_Spain	Pacific/Funafuti	Asia/Taipei	Africa/Dar_es_Salaam	Europe/Kyiv	Europe/Simferopol	Africa/Kampala	America/Chicago	America/New_York	America/Indiana/Indianapolis	America/Kentucky/Louisville	America/Detroit	America/Phoenix	America/Los_Angeles	America/Denver	America/Boise	Pacific/Honolulu	America/Montevideo	Asia/Samarkand	Asia/Tashkent	Europe/Vatican	America/St_Vincent	America/Caracas	America/Tortola	America/St_Thomas	Asia/Ho_Chi_Minh	Pacific/Efate	Pacific/Wallis	Pacific/Apia	Asia/Aden	Indian/Mayotte	Africa/Johannesburg	Africa/Lusaka	Africa/Harare
#rg	AD|	AE|Umm Al Quwain	AE|	AE|Dubai	AE|Abu Dhabi	AF|Takhar	AF|Jowzjan	AF|Sar-e Pol Province	AF|Baghlan	AF|Faryab	AF|Balkh	AF|	AF|Khowst	AF|Kandahar	AF|Nangarhar	AF|Herat	AF|Paktia	AF|Parwan	AF|Bamyan	AF|Panjshir	AG|Saint John Parish	AI|	AL|Korce County	AL|Elbasan County	AL|Vlore County	AL|	AL|Shkoder County	AL|Fier County	AL|Durres County	AL|Berat County	AM|	AM|Lori	AM|Shirak	AO|Lunda Sul	AO|Luanda Norte	AO|Luanda	AO|Uige	AO|Cuanza Norte	AO|Zaire	AO|	AO|Bengo	AO|Kwanza Sul	AO|Cunene	AO|Namibe	AO|Cubango	AO|Moxico	AO|Huila	AO|Benguela	AO|Bie	AR|Chaco	AR|Misiones	AR|Buenos Aires	AR|	AR|Buenos Aires F.D.	AR|Tierra del Fuego	AR|La Pampa	AR|Jujuy	AR|Tucuman	AR|Santa Fe	AR|Santa Cruz	AR|Entre Rios	AR|Neuquen	AR|Cordoba	AS|Eastern District	AT|	AT|Upper Austria	AT|Carinthia	AT|Tyrol	AT|Styria	AU|Western Australia	AU|Northern Territory	AU|South Australia	AU|New South Wales	AU|Victoria	AU|Tasmania	AU|Queensland	AU|Australian Capital Territory	AW|	AX|	AZ|Nakhchivan	AZ|Lerik District	AZ|	AZ|Shirvan	AZ|Yevlax City	AZ|Xacmaz	AZ|Sumqayit	AZ|Shaki City	AZ|Mingacevir City	AZ|Abseron	AZ|Ganja City	AZ|Baki	BA|Federation of B&H	BA|Srpska	BB|Saint Michael	BD|Dhaka Division	BD|Sylhet Division	BD|Rajshahi Division	BD|Mymensingh Division	BD|Chittagong	BD|Rangpur Division	BD|Khulna Division	BD|Barisal Division	BE|Wallonia	BE|Brussels Capital	BE|Flanders	BF|Centre-Est	BF|Nord	BF|Centre	BF|Centre-Ouest	BF|Centre-Nord	BF|Est	BF|Boucle du Mouhoun	BF|Hauts-Bassins	BF|Cascades Region	BG|	BG|Veliko Tarnovo	BG|Sofia-Capital	BH|	BI|	BI|Bujumbura Mairie	BJ|Oueme	BJ|Borgou	BJ|Atakora	BJ|Alibori	BJ|Donga	BJ|Littoral	BJ|Atlantique	BJ|Zou	BL|	BM|Hamilton city	BN|Brunei-Muara District	BO|Beni Department	BO|Tarija Department	BO|Chuquisaca Department	BO|Santa Cruz Department	BO|Potosi Department	BO|	BO|La Paz Department	BQ|Bonaire	BR|Piaui	BR|Maranhao	BR|Para	BR|Pernambuco	BR|Rio Grande do Norte	BR|Alagoas	BR|Amapa	BR|Ceara	BR|Paraiba	BR|Bahia	BR|Espirito Santo	BR|Mato Grosso	BR|Minas Gerais	BR|Sao Paulo	BR|Parana	BR|Rio de Janeiro	BR|	BR|Rio Grande do Sul	BR|Santa Catarina	BR|Goias	BR|Mato Grosso do Sul	BR|Federal District	BR|Sergipe	BR|Tocantins	BR|Acre	BR|Rondonia	BR|Amazonas	BR|Roraima	BS|New Providence	BT|Thimphu District	BW|Central	BW|Kweneng	BW|Kgatleng	BW|North-West	BW|	BW|City of Francistown	BY|	BY|Minsk City	BY|Mogilev	BY|Grodnenskaya	BY|Homyel' Voblasc'	BZ|Cayo District	BZ|Belize District	CA|Ontario	CA|Alberta	CA|New Brunswick	CA|Quebec	CA|Saskatchewan	CA|British Columbia	CA|Manitoba	CA|Nova Scotia	CA|Newfoundland and Labrador	CC|	CD|South Kivu	CD|Kasai	CD|East Kasai	CD|Tshopo	CD|Maniema	CD|Kasai-Central	CD|Haut-Lomami	CD|Haut-Uele	CD|North Kivu	CD|Nord-Ubangi	CD|Bas-Uele	CD|Ituri	CD|Tshuapa	CD|Haut-Katanga	CD|Lualaba	CD|Equateur	CD|Bas-Congo	CD|	CD|Kwilu	CD|Mai-Ndombe	CD|Sud-Ubangi	CD|Kinshasa	CF|Mbomou	CF|Ouaka	CF|Nana-Grebizi	CF|Mambere	CF|Nana-Mambere	CF|Ouham	CF|Ombella-M'Poko	CF|Mambere-Kadei	CF|	CG|	CG|Niari	CH|Zurich	CH|Saint Gallen	CH|Lucerne	CH|Vaud	CH|	CH|Basel-City	CI|Lacs District	CI|Bas-Sassandra District	CI|Denguele District	CI|Montagnes	CI|Abidjan Autonomous District	CI|Savanes District	CI|Goh-Djiboua	CI|Sassandra-Marahoue	CI|Vallee du Bandama District	CI|Zanzan District	CI|Comoe District	CI|Woroba	CK|Rarotonga	CL|Valparaiso	CL|Los Rios Region	CL|Araucania	CL|Maule Region	CL|Santiago Metropolitan	CL|O'Higgins Region	CL|Region of Magallanes	CL|Los Lagos Region	CL|Coquimbo Region	CL|Tarapaca	CL|Atacama	CL|Biobio	CL|Nuble	CL|Arica y Parinacota Region	CL|	CM|Centre	CM|Adamaoua	CM|Far North	CM|South	CM|Littoral	CM|South-West	CM|East	CM|North-West	CM|West	CN|Gansu	CN|Tibet	CN|Xinjiang	CN|Yunnan	CN|Guizhou	CN|Shandong	CN|Sichuan	CN|Hunan	CN|Henan	CN|Liaoning	CN|Ningxia	CN|Jiangsu	CN|Shanxi	CN|Guangdong	CN|Fujian	CN|Shanghai	CN|Hubei	CN|Guangxi	CN|Jiangxi	CN|Shaanxi	CN|Anhui	CN|Qinghai	CN|Hebei	CN|Zhejiang	CN|Hainan	CN|Chongqing	CN|	CN|Tianjin	CN|Inner Mongolia	CN|Jilin	CN|Heilongjiang	CO|Casanare Department	CO|Meta Department	CO|Cesar Department	CO|Boyaca	CO|Atlantico	CO|Cundinamarca	CO|Sucre Department	CO|Magdalena Department	CO|San Andres y Providencia	CO|La Guajira Department	CO|Choco	CO|Cauca Department	CO|Risaralda Department	CO|Narino	CO|Valle del Cauca Department	CO|Huila Department	CO|Cordoba	CO|Putumayo Department	CO|Antioquia	CO|Caldas Department	CO|Tolima Department	CO|Caqueta	CO|Norte de Santander Department	CO|Bolivar	CO|Santander Department	CO|Bogota D.C.	CO|Quindio Department	CO|Arauca Department	CO|Guaviare Department	CR|San Jose	CR|Limon Province	CU|Santiago de Cuba Province	CU|Villa Clara Province	CU|Mayabeque	CU|Sancti Spiritus Province	CU|Pinar del Rio	CU|Matanzas Province	CU|Las Tunas Province	CU|	CU|Holguin Province	CU|Guantanamo Province	CU|Cienfuegos Province	CU|Ciego de Avila Province	CU|Camaguey	CU|Granma Province	CV|	CV|Sao Vicente	CW|	CX|	CY|	CY|Larnaka	CZ|Zlin	CZ|Usti nad Labem Region	CZ|	CZ|Plzen Region	CZ|Pardubice Region	CZ|Moravian-Silesian Region	CZ|Olomouc Region	CZ|Liberec Region	CZ|Vysocina	CZ|Hradec Kralove Region	CZ|South Bohemian Region	CZ|South Moravian	DE|North Rhine-Westphalia	DE|Hesse	DE|Baden-Wurttemberg	DE|Mecklenburg-Vorpommern	DE|Saarland	DE|Brandenburg	DE|Bavaria	DE|Rheinland-Pfalz	DE|Saxony-Anhalt	DE|Saxony	DE|Schleswig-Holstein	DE|Lower Saxony	DE|Hamburg	DE|	DE|Thuringia	DE|State of Berlin	DJ|	DJ|Ali Sabieh	DJ|Djibouti	DK|South Denmark	DK|Capital Region	DK|North Denmark	DM|Saint George Parish	DO|Nacional	DO|Santiago Province	DO|Barahona Province	DO|San Pedro de Macoris	DO|San Juan Province	DO|Duarte Province	DO|	DO|La Altagracia Province	DO|Espaillat Province	DO|Monsenor Nouel	DO|San Cristobal	DO|Peravia	DO|Azua Province	DO|Santo Domingo Province	DZ|	DZ|Tebessa	DZ|Tamanrasset	DZ|Setif	DZ|Saida	DZ|Medea	DZ|Ghardaia	DZ|Bouira	DZ|Bejaia	DZ|Bechar	DZ|Ain Temouchent	DZ|Ain Defla	EC|Carchi	EC|Santo Domingo de los Tsachilas	EC|Chimborazo Province	EC|Pichincha	EC|Manabi	EC|El Oro	EC|	EC|Cotopaxi	EC|Imbabura	EC|Guayas	EC|Azuay	EC|Los Rios	EC|Tungurahua Province	EE|	EE|Harjumaa	EG|Gharbia	EG|	EG|Qalyubia	EG|Monufia	EG|Beheira	EG|Qena	EG|Matruh	EG|Giza	EG|Cairo	EG|Aswan	EG|Kafr el-Sheikh	EG|Beni Suweif	EG|Sharqia	EG|Asyut	EG|Dakahlia	EG|New Valley	EG|Red Sea	EG|Faiyum	EG|North Sinai	EH|	ER|Anseba	ER|Maekel	ES|	ES|Castille-La Mancha	ES|Andalusia	ES|Canary Islands	ES|Balearic Islands	ES|Extremadura	ES|Valencia	ES|Aragon	ES|Basque Country	ES|Castille and Leon	ES|Galicia	ES|Cantabria	ES|Navarre	ES|Asturias	ES|La Rioja	ES|Catalonia	ET|Somali	ET|Oromiya	ET|Tigray	ET|Central Ethiopia Regional State	ET|Harari	ET|Amhara	ET|Gambela	ET|	ET|South West Ethiopia Peoples' Region	ET|Sidama Region	ET|Binshangul Gumuz	ET|Afar	ET|South Ethiopia Regional State	FI|Ostrobothnia	FI|Southwest Finland	FI|Pirkanmaa	FI|South Ostrobothnia	FI|Lapland	FI|Satakunta	FI|North Ostrobothnia	FI|South Savo	FI|South Karelia	FI|Paijat-Hame	FI|North Savo	FI|Kymenlaakso	FI|Central Finland	FI|North Karelia	FI|Uusimaa	FI|Kanta-Haeme	FJ|Central	FJ|Western	FK|	FM|Pohnpei State	FO|Streymoy	FR|Occitanie	FR|Grand Est	FR|Normandy	FR|Brittany	FR|Ile-de-France	FR|Centre-Val de Loire	FR|Provence-Alpes-Cote d'Azur	FR|Pays de la Loire	FR|Auvergne-Rhone-Alpes	FR|Hauts-de-France	FR|Bourgogne-Franche-Comte	FR|New Aquitaine	FR|Corsica	GA|Ogooue-Maritime	GA|Woleu-Ntem	GA|Estuaire	GA|Haut-Ogooue	GB|Wales	GB|England	GB|Scotland	GB|Northern Ireland	GD|Saint George Parish	GE|	GE|Abkhazia	GE|Kvemo Kartli	GE|Imereti	GE|Adjara	GF|Guyane	GG|St Peter Port	GH|Upper West	GH|Bono East	GH|Northern	GH|Western	GH|Bono	GH|Ashanti	GH|Eastern	GH|Volta	GH|Central	GH|Upper East	GH|Greater Accra	GI|	GL|Sermersooq	GM|Banjul	GM|Western	GM|	GN|Nzerekore Region	GN|Mamou Region	GN|	GN|Kankan Region	GN|Conakry	GN|Boke Region	GP|Guadeloupe	GQ|Bioko Norte	GQ|Litoral	GQ|Djibloho	GR|West Greece	GR|Thessaly	GR|Central Greece	GR|Crete	GR|Epirus	GR|Attica	GR|Central Macedonia	GS|	GT|	GT|Guatemala	GT|Totonicapan	GT|Quiche	GT|Baja Verapaz	GT|Izabal Department	GT|Suchitepeque	GT|Alta Verapaz	GU|Hagatna	GW|	GY|Demerara-Mahaica	HK|	HK|Wong Tai Sin District	HK|Sai Kung District	HK|Sham Shui Po District	HK|Yau Tsim Mong District	HK|Kwai Tsing District	HK|Central and Western	HN|Francisco Morazan Department	HN|Cortes Department	HN|Atlantida Department	HN|Comayagua Department	HN|Choluteca Department	HR|	HR|Split-Dalmatia	HR|Primorje-Gorski Kotar	HR|County of Osijek-Baranja	HT|Nord-Ouest	HT|Ouest	HT|Nippes	HT|Grand'Anse	HT|Sud-Est	HT|Artibonite	HT|Sud	HT|Nord	HU|Jasz-Nagykun-Szolnok	HU|Csongrad	HU|Szabolcs-Szatmar-Bereg	HU|Borsod-Abauj-Zemplen	HU|Heves County	HU|Hajdu-Bihar	HU|Bekes County	HU|Zala County	HU|Veszprem	HU|Komarom-Esztergom	HU|Vas County	HU|Fejer	HU|Budapest	HU|Baranya	HU|Bacs-Kiskun	HU|Somogy County	HU|Gyor-Moson-Sopron	HU|	IE|Connacht	IE|Leinster	IL|	IL|Central District	IL|Northern District	IL|Southern District	IL|Jerusalem	IM|	IN|Telangana	IN|Andhra Pradesh	IN|Maharashtra	IN|Tamil Nadu	IN|Uttar Pradesh	IN|Gujarat	IN|Madhya Pradesh	IN|Rajasthan	IN|Karnataka	IN|Kerala	IN|Jammu and Kashmir	IN|West Bengal	IN|Himachal Pradesh	IN|Meghalaya	IN|Haryana	IN|Jharkhand	IN|Chhattisgarh	IN|Andaman and Nicobar	IN|	IN|Bihar	IN|Punjab	IN|Goa	IN|Odisha	IN|Delhi	IN|Nagaland	IN|Arunachal Pradesh	IN|Manipur	IN|Assam	IN|Sikkim	IN|Uttarakhand	IN|Mizoram	IN|Tripura	IN|Puducherry	IQ|	IQ|Duhok	IQ|Diyala	IQ|Muthanna	IQ|Anbar	IQ|Dhi Qar	IQ|Nineveh	IQ|Baghdad	IQ|Wasit	IQ|Babil	IQ|Basra	IQ|Maysan	IQ|Al-Qadisiyah	IR|Kohgiluyeh and Boyer-Ahmad	IR|	IR|Yazd Province	IR|East Azerbaijan	IR|Fars	IR|Chaharmahal and Bakhtiari	IR|Mazandaran	IR|Kurdistan Province	IR|Gilan Province	IR|Qom Province	IR|Qazvin Province	IR|Tehran	IR|West Azerbaijan	IR|Razavi Khorasan	IR|Khuzestan	IR|Lorestan Province	IR|Kermanshah Province	IR|Isfahan	IR|Alborz Province	IR|Ilam Province	IR|Hamadan Province	IR|Golestan	IR|North Khorasan	IR|South Khorasan Province	IR|Hormozgan	IR|Ardabil Province	IR|Markazi	IR|Sistan and Baluchestan	IS|Capital Region	IT|Sicily	IT|Calabria	IT|Sardinia	IT|Veneto	IT|Friuli Venezia Giulia	IT|Trentino-Alto Adige	IT|Piedmont	IT|Lazio	IT|Basilicate	IT|Umbria	IT|Campania	IT|Lombardy	IT|Liguria	IT|Tuscany	IT|Emilia-Romagna	IT|Apulia	IT|The Marches	JE|St Helier	JM|Saint Catherine Parish	JM|Saint Andrew Parish	JM|Saint James Parish	JM|	JO|Madaba	JO|	JO|Balqa	JO|Ajloun	JP|Hyogo	JP|Kanagawa	JP|Mie	JP|	JP|Tochigi	JP|Aichi	JP|Osaka	JP|Tottori	JP|Saitama	JP|Gunma	JP|Kagawa	JP|Ehime	JP|Wakayama	JP|Shiga	JP|Oita	JP|Nara	JP|Okinawa	JP|Shimane	JP|Chiba	JP|Tokyo	JP|Fukuoka	JP|Okayama	JP|Yamanashi	JP|Ishikawa	JP|Shizuoka	JP|Hiroshima	JP|Fukui	JP|Miyagi	JP|Iwate	JP|Ibaraki	JP|Fukushima	JP|Hokkaido	JP|Kumamoto	KE|Wajir County	KE|Kiambu County	KE|Nyeri County	KE|Narok County	KE|Nakuru County	KE|Nairobi County	KE|Mombasa County	KE|Migori County	KE|Meru County	KE|Vihiga County	KE|Mandera County	KE|Machakos County	KE|Turkana County	KE|Trans Nzoia	KE|Kisumu County	KE|Kisii County	KE|Kilifi County	KE|Kericho County	KE|West Pokot County	KE|Kakamega County	KE|Isiolo County	KE|Garissa County	KE|Embu County	KE|Uasin Gishu County	KE|Busia County	KE|Bungoma County	KG|Osh Region	KG|Issyk-Kul	KG|Jalal-Abad Region	KG|	KH|	KH|Kandal	KH|Preah Sihanouk	KI|Gilbert Islands	KM|Grande Comore	KN|Saint George Basseterre	KP|Kangwon-do	KP|South Pyongan	KP|North Hwanghae	KP|	KP|Nampo	KP|Pyongyang	KP|Kaesong	KP|South Hamgyong	KP|South Hwanghae	KP|P'yongan-bukto	KP|Rason	KP|Chagang	KP|Yanggang-do	KP|North Hamgyong	KR|Gyeongsangnam-do	KR|Gangwon-do	KR|	KR|Gyeonggi-do	KR|Gyeongsangbuk-do	KR|Jeollanam-do	KR|Gwangju	KR|Jeollabuk-do	KR|Chungcheongnam-do	KR|North Chungcheong	KR|Jeju-do	KR|Sejong-si	KW|Hawalli	KW|Al Asimah	KW|Al Farwaniyah	KW|Al Ahmadi	KY|	KZ|West Kazakhstan	KZ|Karaganda	KZ|Atyrau Oblisi	KZ|	KZ|Mangystau	KZ|Ulytau Region	KZ|Zhambyl	KZ|Zhetysu Region	KZ|Abai Region	KZ|North Kazakhstan	KZ|Pavlodar Region	KZ|East Kazakhstan	KZ|Aqmola	LA|Vientiane Prefecture	LA|Houaphan	LA|Savannakhet Province	LA|Champasak Province	LA|Khammouane Province	LA|Luang Prabang Province	LB|Bekaa	LB|North Lebanon	LB|South Governorate	LB|Beirut	LB|	LB|Nabatieh	LC|	LI|	LK|Eastern Province	LK|Central Province	LK|Northern Province	LK|Southern Province	LK|Western Province	LK|North Central Province	LR|Montserrado County	LR|Margibi County	LR|Bong County	LR|Grand Bassa County	LS|Maseru District	LT|	LT|Siauliai	LT|Panevezys	LT|Klaipeda County	LU|	LV|	LV|Liepaja	LV|Jurmala	LY|Al Butnan	LY|	LY|Banghazi	LY|Al Jabal al Akhdar	LY|Al Wahat	LY|Surt	LY|Sabha District	LY|Az Zawiyah	LY|Al Marqab	LY|Al Jafarah	MA|Tanger-Tetouan-Al Hoceima	MA|Rabat-Sale-Kenitra	MA|Marrakesh-Safi	MA|Oriental	MA|Fes-Meknes	MA|Guelmim-Oued Noun	MA|Casablanca-Settat	MA|Beni Mellal-Khenifra	MA|Souss-Massa	MC|Municipality of Monaco	MD|Transnistria	MD|Chisinau Municipality	MD|Bender Municipality	MD|Balti	ME|	ME|Opstina Niksic	MF|	MG|Atsinanana	MG|Atsimo-Andrefana	MG|Anosy	MG|Sava	MG|Menabe	MG|Boeny	MG|Upper Matsiatra	MG|Diana	MG|Vakinankaratra	MG|Analamanga	MG|Androy	MG|Alaotra Mangoro	MH|Majuro Atoll	MK|	MK|Grad Skopje	ML|Tombouctou	ML|	ML|Segou	MM|Tanintharyi Region	MM|Shan State	MM|Rakhine	MM|	MM|Bago Region	MM|Kayin State	MM|Kachin State	MM|Mon	MM|Sagaing Region	MM|Mandalay Region	MM|Ayeyarwady	MM|Yangon	MN|Ulaanbaatar	MN|Orhon	MN|Darhan Uul	MO|	MP|	MQ|Martinique	MR|Tiris Zemmour	MR|	MR|Dakhlet Nouadhibou	MR|Hodh Ech Chargi	MR|Assaba	MR|Gorgol	MR|Nouakchott North	MS|Saint Anthony	MT|	MU|	MU|Plaines Wilhems	MV|Kaafu Atoll	MW|Northern Region	MW|Central Region	MW|Southern Region	MX|Mexico City	MX|Mexico	MX|Tabasco	MX|	MX|Chiapas	MX|Tamaulipas	MX|Hidalgo	MX|Yucatan	MX|Veracruz	MX|Morelos	MX|Guerrero	MX|Quintana Roo	MX|Jalisco	MX|Coahuila	MX|Baja California	MX|Nayarit	MX|San Luis Potosi	MX|Nuevo Leon	MX|Queretaro	MX|Michoacan	MX|Sinaloa	MX|Guanajuato	MX|Baja California Sur	MX|Sonora	MX|Durango	MX|Chihuahua	MY|Johor	MY|Selangor	MY|Sabah	MY|	MY|Perak	MY|Terengganu	MY|Melaka	MY|Negeri Sembilan	MY|Penang	MY|Pahang	MY|Kedah	MY|Sarawak	MY|Perlis	MY|Kelantan	MY|Kuala Lumpur	MZ|Gaza Province	MZ|	MZ|Zambezia Province	MZ|Cabo Delgado Province	MZ|Maputo Province	MZ|Maputo City	MZ|Niassa Province	MZ|Inhambane Province	MZ|Manica	MZ|Sofala	NA|Khomas Region	NA|Erongo Region	NA|Kavango East	NC|South Province	NE|Zinder Region	NE|Tahoua Region	NE|	NE|Maradi Region	NE|Dosso Region	NF|	NG|Kaduna State	NG|Adamawa	NG|Bayelsa State	NG|Delta	NG|Akwa Ibom State	NG|Abia State	NG|	NG|Rivers State	NG|Oyo State	NG|Imo State	NG|Osun State	NG|Anambra	NG|Ondo State	NG|Kogi State	NG|Niger State	NG|Benue State	NG|Borno State	NG|Nasarawa State	NG|Katsina State	NG|Kano State	NG|Plateau State	NG|Taraba State	NG|Kwara State	NG|Lagos	NG|Ogun State	NG|Zamfara State	NG|Gombe State	NG|Enugu State	NG|Cross River State	NG|Kebbi	NG|Edo State	NG|Ekiti State	NG|FCT	NG|Ebonyi State	NI|Matagalpa Department	NI|Masaya Department	NI|Managua Department	NI|Leon Department	NI|Chontales Department	NI|Jinotega Department	NI|Granada Department	NI|Esteli Department	NI|Chinandega Department	NL|Overijssel	NL|	NL|North Brabant	NL|South Holland	NL|Limburg	NL|Flevoland	NL|Friesland	NL|North Holland	NL|Drenthe	NL|Gelderland	NO|Vestfold	NO|Rogaland	NO|Telemark	NO|Ostfold	NO|	NO|Agder	NO|Buskerud	NO|Vestland	NP|Gandaki Pradesh	NP|Bagmati Province	NP|Madhesh	NP|Karnali Pradesh	NR|Yaren District	NU|	NZ|Wellington Region	NZ|Manawatu-Wanganui	NZ|Taranaki Region	NZ|Nelson Region	NZ|Hawke's Bay Region	NZ|Auckland	NZ|Southland	NZ|Waikato Region	NZ|Otago	NZ|Canterbury	NZ|	NZ|Northland	OM|Southeastern Governorate	OM|Al Batinah North	OM|Dhofar	OM|Ad Dakhiliyah	OM|	OM|Muscat	OM|Al Buraimi	PA|Panama	PA|Panama Oeste Province	PA|Chiriqui Province	PA|Colon	PE|	PE|La Libertad	PE|Ucayali	PE|San Martin Department	PE|Loreto	PE|Ancash	PE|Huanuco Department	PE|Lambayeque	PE|Cajamarca Department	PE|Madre de Dios	PE|Moquegua Department	PE|Lima Province	PE|Junin	PE|Lima region	PE|Cuzco Department	PE|Pasco	PE|Apurimac Department	PF|Iles du Vent	PG|National Capital	PG|Morobe Province	PH|Zamboanga Peninsula	PH|National Capital Region	PH|Cagayan Valley	PH|Central Luzon	PH|Calabarzon	PH|Western Visayas	PH|Central Visayas	PH|Soccsksargen	PH|Northern Mindanao	PH|Davao Region	PH|Autonomous Region in Muslim Mindanao	PH|Mimaropa	PH|Caraga	PH|Cordillera	PK|Sindh	PK|Punjab	PK|Balochistan	PK|Khyber Pakhtunkhwa	PK|Azad Kashmir	PK|	PK|Gilgit-Baltistan	PL|Mazovia	PL|Subcarpathia	PL|Warmia-Masuria	PL|	PL|Swietokrzyskie	PL|Podlasie	PL|Lubusz	PL|Lower Silesia	PL|West Pomerania	PL|Greater Poland	PL|Opole Voivodeship	PL|Lodz Voivodeship	PL|Lesser Poland	PL|Silesia	PL|Pomerania	PL|Kujawsko-Pomorskie	PM|	PN|	PR|	PR|Bayamon	PR|Mayagueez	PS|Gaza Strip	PS|West Bank	PT|Setubal	PT|	PT|Madeira	PT|Evora	PW|Melekeok	PY|Presidente Hayes	PY|Amambay Department	PY|Itapua	PY|Caaguazu Department	PY|Alto Parana Department	PY|Cordillera Department	PY|Asuncion	QA|Al Daayen	QA|Baladiyat ar Rayyan	QA|Baladiyat ad Dawhah	RE|Reunion	RO|Salaj County	RO|Vaslui County	RO|Tulcea County	RO|Mures County	RO|Gorj County	RO|Dambovita County	RO|Timis County	RO|	RO|Olt	RO|Sibiu County	RO|Covasna County	RO|Satu Mare County	RO|Valcea County	RO|Caras-Severin County	RO|Prahova	RO|Arges	RO|Neamt County	RO|Bihor County	RO|Iasi County	RO|Giurgiu County	RO|Galati County	RO|Vrancea	RO|Mehedinti County	RO|Dolj	RO|Constanta County	RO|Cluj County	RO|Buzau County	RO|Brasov County	RO|Braila County	RO|Botosani County	RO|Bistrita-Nasaud County	RO|Maramures	RO|Bacau County	RO|Arad County	RO|Alba County	RO|Bucharest	RS|Central Serbia	RS|Vojvodina	RU|Mariy-El Republic	RU|Yaroslavl Oblast	RU|Voronezh Oblast	RU|Volgograd Oblast	RU|Vologda Oblast	RU|Vladimir Oblast	RU|North Ossetia-Alania	RU|	RU|Bashkortostan Republic	RU|Tver Oblast	RU|Tula Oblast	RU|Samara Oblast	RU|Tambov Oblast	RU|Komi	RU|Stavropol Kray	RU|Krasnodar Krai	RU|Smolensk Oblast	RU|Saratov Oblast	RU|Mordoviya Republic	RU|St.-Petersburg	RU|Ryazan Oblast	RU|Rostov	RU|Pskov Oblast	RU|Karelia	RU|Perm Krai	RU|Penza Oblast	RU|Orenburg Oblast	RU|Oryol oblast	RU|Novgorod Oblast	RU|Sverdlovsk Oblast	RU|Nizhny Novgorod Oblast	RU|Kabardino-Balkariya Republic	RU|Tatarstan Republic	RU|Adygeya Republic	RU|Dagestan	RU|Chelyabinsk	RU|Lipetsk Oblast	RU|Kursk Oblast	RU|Kostroma Oblast	RU|Kirov Oblast	RU|Kaluga Oblast	RU|Kaliningrad Oblast	RU|Udmurtiya Republic	RU|Ivanovo Oblast	RU|Chechnya	RU|Kalmykiya Republic	RU|Karachayevo-Cherkesiya Republic	RU|Chuvash Republic	RU|Bryansk Oblast	RU|Belgorod Oblast	RU|Astrakhan Oblast	RU|Arkhangelskaya	RU|Tyumen Oblast	RU|Tomsk Oblast	RU|Khanty-Mansia	RU|Omsk Oblast	RU|Novosibirsk Oblast	RU|Kuzbass	RU|Republic of Tyva	RU|Kurgan Oblast	RU|Krasnoyarsk Krai	RU|Altai	RU|Altai Krai	RU|Khakasiya Republic	RU|Sakha	RU|Primorye	RU|Buryatiya Republic	RU|Irkutsk Oblast	RU|Zabaykalskiy (Transbaikal) Kray	RU|Amur Oblast	RU|Jewish Autonomous Oblast	RU|Sakhalin Oblast	RU|Kamchatka	RU|Magadan Oblast	RW|	SA|Tabuk Region	SA|Medina Region	SA|Al Jawf Region	SA|Najran Region	SA|Mecca Region	SA|'Asir Region	SA|Jazan Region	SA|Ha'il Region	SA|Al-Qassim Region	SA|Riyadh Region	SA|Northern Borders Region	SA|Al Bahah Region	SA|Eastern Province	SB|	SC|La Riviere Anglaise	SD|Northern State	SD|Al Jazirah	SD|Khartoum	SD|Sennar	SD|White Nile	SD|Southern Darfur	SD|	SD|Southern Kordofan	SD|Red Sea	SD|North Kordofan	SD|Western Darfur	SD|Northern Darfur	SD|Eastern Darfur	SD|River Nile	SD|Blue Nile	SE|Vaesterbotten	SE|Norrbotten	SE|Kronoberg	SE|Vaestmanland	SE|	SE|OErebro	SE|Skane	SE|OEstergoetland	SE|Vaermland	SE|Blekinge	SE|Joenkoeping	SE|Halland	SE|Vaestra Goetaland	SE|Gaevleborg	SG|	SH|Saint Helena	SI|Urban Municipality of Maribor	SI|	SJ|Svalbard	SK|Presov Region	SK|Kosice Region	SK|Zilina Region	SK|Trnava Region	SK|Trencin Region	SK|Nitra Region	SK|Bratislava Region	SK|Banska Bystrica Region	SL|Northern Province	SL|Eastern Province	SL|Western Area	SL|Southern Province	SM|	SN|	SN|Diourbel Region	SN|Thies	SN|Dakar	SO|Banaadir	SO|Lower Shabeelle	SO|Lower Juba	SO|Woqooyi Galbeed	SO|Nugaal	SO|Mudug	SO|Togdheer	SO|Bari	SO|Awdal	SO|Hiiraan	SO|Bay	SO|Sool	SR|Paramaribo District	SS|Northern Bahr al Ghazal	SS|Western Bahr al Ghazal	SS|Upper Nile	SS|Warrap	SS|Central Equatoria	ST|Sao Tome Island	SV|Usulutan	SV|San Salvador Department	SV|Sonsonate Department	SV|Santa Ana Department	SV|San Miguel Department	SV|La Libertad Department	SX|	SY|Tartus	SY|	SY|Hama	SY|Damascus Governorate	SY|Daraa	SY|Suwayda	SY|Raqqa	SY|Al-Hasakah	SZ|Hhohho Region	SZ|Manzini Region	TC|	TD|Sila	TD|Salamat	TD|Ouadai	TD|Moyen-Chari	TD|Mayo-Kebbi Ouest	TD|	TD|Logone Occidental	TD|Guera	TD|Kanem	TD|Mandoul	TD|Logone Oriental	TD|Mayo-Kebbi Est	TD|Lac	TF|Kerguelen	TG|Maritime	TG|Centrale	TG|	TG|Savanes	TG|Plateaux	TH|	TH|Nonthaburi	TH|Lopburi	TJ|Khatlon Province	TJ|	TJ|Sughd	TL|Dili Municipality	TM|Balkan	TM|	TM|Dasoguz	TM|Lebap	TN|Tunis Governorate	TN|	TN|Sousse Governorate	TN|Sfax Governorate	TN|Gabes Governorate	TN|Nabeul Governorate	TN|Medenine Governorate	TN|Jendouba Governorate	TN|Ben Arous Governorate	TN|Bizerte Governorate	TN|Beja Governorate	TN|Ariana Governorate	TN|Kasserine Governorate	TN|Monastir Governorate	TN|Mahdia Governorate	TN|Kef Governorate	TO|Tongatapu	TR|	TR|Usak	TR|Sanliurfa	TR|Mersin	TR|Sirnak	TR|Nigde Province	TR|Nevsehir Province	TR|Mus	TR|Mugla	TR|Kuetahya	TR|Izmir Province	TR|Kirsehir	TR|Kirikkale	TR|Agri	TR|Kahramanmaras	TR|Igdir	TR|Eskisehir	TR|Elazig	TR|Diyarbakir Province	TR|Hakkari	TR|Bingoel	TR|Balikesir	TR|Aydin	TR|Hatay	TR|Antalya	TR|Afyonkarahisar Province	TR|Adiyaman Province	TR|Ankara	TR|Zonguldak Province	TR|Istanbul	TR|Tokat Province	TR|Tekirdag	TR|Rize Province	TR|Kirklareli	TR|Kars Province	TR|Karabuek Province	TR|Kocaeli	TR|Duzce	TR|Corum	TR|Cankiri	TR|Canakkale	TR|Bursa Province	TR|Bartin	TR|Sakarya	TT|	TV|	TW|Taiwan	TW|Taipei	TW|Takao	TZ|Zanzibar Urban/West	TZ|Songwe	TZ|	TZ|Rukwa	TZ|Mara	TZ|Katavi	TZ|Kilimanjaro	TZ|Pwani	TZ|Shinyanga	TZ|Dar es Salaam Region	TZ|Pemba South	TZ|Kagera	TZ|Manyara	TZ|Ruvuma	UA|Zhytomyr Oblast	UA|Zaporizhzhia	UA|Vinnytsia	UA|Zakarpattia	UA|	UA|Crimea	UA|Sevastopol City	UA|Rivne Oblast	UA|Mykolaiv	UA|Donetsk	UA|Volyn	UA|Kyiv City	UA|Dnipropetrovsk	UA|Kirovohrad	UA|Chernihiv Oblast	UA|Kharkiv	UG|Western Region	UG|Central Region	UG|Eastern Region	UG|Northern Region	US|Alabama	US|Arkansas	US|District of Columbia	US|Florida	US|Georgia	US|Illinois	US|Indiana	US|Kansas	US|Kentucky	US|Louisiana	US|Maryland	US|Missouri	US|Mississippi	US|North Carolina	US|Ohio	US|Oklahoma	US|Pennsylvania	US|South Carolina	US|Tennessee	US|Texas	US|Virginia	US|Connecticut	US|Iowa	US|Massachusetts	US|Michigan	US|Minnesota	US|Nebraska	US|New Jersey	US|New York	US|Rhode Island	US|Wisconsin	US|Arizona	US|California	US|Colorado	US|New Mexico	US|Nevada	US|Idaho	US|North Dakota	US|Oregon	US|Utah	US|Washington	US|Wyoming	US|Hawaii	UY|Tacuarembo Department	UY|Salto Department	UY|Rivera Department	UY|Paysandu Department	UY|Montevideo Department	UY|Cerro Largo	UY|	UZ|Karakalpakstan	UZ|Surxondaryo Region	UZ|Samarqand Region	UZ|Qashqadaryo	UZ|	UZ|Tashkent	UZ|Xorazm Region	UZ|Navoiy Region	UZ|Jizzakh Region	UZ|Sirdaryo Region	UZ|Andijan Region	VA|	VC|Saint George Parish	VE|Carabobo	VE|Aragua	VE|Delta Amacuro	VE|	VE|Guarico	VE|Yaracuy	VE|Tachira	VE|Cojedes	VE|Anzoategui	VE|Amazonas	VE|Miranda	VE|Merida	VE|Zulia	VE|Portuguesa	VE|Sucre	VE|Falcon	VE|Bolivar	VE|Distrito Federal	VE|Lara	VE|Monagas	VE|Apure	VG|	VI|Saint Thomas Island	VI|Saint Croix Island	VN|Ho Chi Minh City (HCMC)	VN|Vinh Long	VN|Nghe An Province	VN|Phu Tho	VN|Dak Lak	VN|Tuyen Quang	VN|Hanoi	VN|Thanh Hoa Province	VN|Thai Nguyen	VN|Tay Ninh	VN|Da Nang City	VN|Son La Province	VN|Can Tho City	VN|An Giang	VN|Gia Lai	VN|Quang Ngai	VN|Ninh Binh	VN|Lam Dong	VN|Khanh Hoa	VN|Dong Thap	VN|Lao Cai	VN|Lang Son Province	VN|Hung Yen Province	VN|Thua Thien Hue Province	VN|Quang Ninh	VN|Ha Tinh Province	VN|	VN|Hai Phong	VN|Dong Nai	VN|Quang Tri	VN|GJien Bien Province	VN|Cao Bang Province	VN|Ca Mau	VN|Bac Ninh	VU|Shefa	WF|Uvea	WS|Tuamasaga	XK|	XK|Mitrovica	XK|Gjakova	YE|Ta'izz	YE|Amanat Alasimah	YE|	YE|Ibb Governorate	YE|Dhamar	YE|Omran	YE|Muhafazat Hadramaout	YE|Al Hudaydah	YT|	ZA|Gauteng	ZA|Mpumalanga	ZA|Free State	ZA|North West	ZA|Eastern Cape	ZA|Limpopo	ZA|KwaZulu-Natal	ZA|Northern Cape	ZA|Western Cape	ZM|North-Western	ZM|Copperbelt	ZM|Western Province	ZM|Luapula Province	ZM|Lusaka Province	ZM|Northern Province	ZM|Central Province	ZM|Southern Province	ZM|Eastern Province	ZW|Manicaland	ZW|Masvingo Province	ZW|Mashonaland East Province	ZW|	ZW|Midlands Province	ZW|Mashonaland West	ZW|Mashonaland Central	ZW|Harare
Shanghai		295	31.222	121.458	84
Chongqing		295	29.56	106.558	84
Chengdu		275	30.667	104.067	84
Beijing	Peking	295	39.907	116.397	84
Guangzhou		282	23.117	113.25	84
Shenzhen		282	22.546	114.068	84
Kinshasa		210	-4.328	15.314	75
Istanbul		1442	41.014	28.95	299
Lagos		1015	6.454	3.395	217
Ho Chi Minh City		1612	10.823	106.63	325
Tianjin		295	39.142	117.177	84
Wuhan		285	30.583	114.267	84
Lahore		1134	31.558	74.351	231
Xi’an		288	34.258	108.929	84
Mumbai		625	19.073	72.883	143
São Paulo		153	-23.547	-46.636	52
Mexico City		951	19.428	-99.128	200
Hangzhou		292	30.294	120.161	84
Karachi		1133	24.861	67.01	231
Delhi		641	28.652	77.231	143
Moscow	Moskow|Moskva	1224	55.752	37.618	119
Dhaka		95	23.71	90.407	34
Seoul	Seul	809	37.566	126.978	159
Harbin		299	45.75	126.65	84
Tokyo	Tokio	727	35.69	139.692	151
Dongguan		282	23.018	113.749	84
Cairo	Kairo|Kaherah	428	30.063	31.25	102
Hefei		289	31.864	117.281	84
Johannesburg		1661	-26.202	28.044	331
Weifang		274	36.71	119.102	84
Nanjing		280	32.062	118.778	84
Shenyang		278	41.792	123.433	84
Foshan		282	23.027	113.131	84
London		517	51.509	-0.126	116
New York City		1553	40.714	-74.006	308
Bengaluru		631	12.972	77.594	143
Jinan		274	36.668	116.997	84
Hanoi		1638	21.024	105.841	293
Taipei		1488	25.053	121.526	302
Lima		1110	-12.043	-77.028	227
Bogotá		325	4.61	-74.082	86
Dalian		278	38.912	121.602	84
Hong Kong		573	22.278	114.175	135
Baghdad		656	33.341	44.401	144
Wuzhong		279	37.987	106.201	84
Qingdao		274	36.065	120.38	84
Tehran		670	35.694	51.422	145
Yantai		274	37.476	121.441	84
Hyderabad		623	17.384	78.456	143
Rio de Janeiro		156	-22.906	-43.182	52
Suzhou		280	31.304	120.595	84
Puxi		284	31.244	121.466	84
Zhengzhou		277	34.758	113.649	84
Ahmedabad		628	23.026	72.587	143
Abidjan		236	5.354	-4.002	79
Nanning		286	22.817	108.317	84
Kunming		272	25.039	102.718	84
Shijiazhuang		291	38.041	114.479	84
Changchun		298	43.88	125.323	84
Pudong		284	31.24	121.501	84
Sydney		73	-33.868	151.207	25
Singapore	Singapura	1336	1.29	103.85	273
Melbourne		74	-37.814	144.963	26
Dar es Salaam		1500	-6.823	39.27	303
Saint Petersburg		1236	59.939	30.314	119
Taiyuan		281	37.869	112.56	84
Alexandria		428	31.202	29.916	102
Bangkok	Krung Thep	1414	13.754	100.501	293
Kano		1028	12	8.517	217
Santiago		249	-33.457	-70.648	81
Cape Town		1669	-33.926	18.423	331
Peshawar		1136	34.008	71.578	231
Zibo		274	36.791	118.063	84
Jeddah	Jiddah|Jedah	1296	21.49	39.186	268
Chennai		626	13.088	80.278	143
Kolkata		634	22.563	88.363	143
Xiamen		283	24.48	118.082	84
Surat		628	21.196	72.83	143
Yangzhou		280	32.397	119.436	84
Huai'an		280	33.589	119.019	84
Guiyang		273	26.583	106.717	84
Yangon		918	16.805	96.156	189
Bao'an		282	22.552	113.883	84
Kabul		12	34.528	69.172	2
Nairobi		762	-1.283	36.817	152
Wuxi		280	31.569	120.289	84
Giza		428	30.009	31.209	102
Lanzhou		269	36.057	103.84	84
Bamako		913	12.609	-7.975	188
Riyadh	Riyad	1301	24.688	46.722	268
Fuzhou		283	26.061	119.306	84
Ürümqi		271	43.801	87.6	85
New Taipei City		1489	25.062	121.457	302
New Territories		573	22.424	114.111	135
Chattogram		99	22.338	91.832	34
Addis Ababa		472	9.025	38.747	108
Zaozhuang		274	34.865	117.554	84
Zhongshan		282	22.523	113.379	84
Shantou		282	23.355	116.679	84
Los Angeles		1557	34.052	-118.244	313
Faisalabad		1134	31.416	73.09	231
Dubai		3	25.077	55.309	1
Yokohama		725	35.433	139.65	151
Ningbo		292	29.878	121.549	84
Nanhai		282	23.022	113.143	84
Casablanca		886	33.588	-7.611	180
Ibadan		1017	7.378	3.906	217
Puyang		292	29.457	119.889	84
Ankara		1442	39.92	32.854	299
Shiyan		285	32.648	110.778	84
Hohhot		297	40.811	111.652	84
Berlin		378	52.524	13.411	94
Tangshan		291	39.644	118.183	84
Rawalpindi		1134	33.597	73.048	231
Lüliang		281	37.519	111.144	84
Durban		1667	-29.858	31.029	331
Anshan		278	41.124	122.99	84
Changzhou		280	31.774	119.954	84
Busan		809	35.102	129.03	159
Madrid		449	40.416	-3.703	105
Pyongyang		796	39.034	125.754	158
Pune		625	18.52	73.855	143
Datong		281	40.094	113.291	84
Bursa		1483	40.196	29.06	299
Changsha		276	28.199	112.971	84
Quezon City		1120	14.649	121.051	230
Jaipur		630	26.92	75.788	143
Huainan		289	32.626	116.997	84
Incheon		809	37.456	126.705	159
Haikou		293	20.034	110.347	84
Caracas		1605	10.488	-66.879	322
Kyiv		1516	50.455	30.524	304
İzmir		1452	38.413	27.138	299
Huizhou		282	23.111	114.415	84
Buenos Aires		54	-34.613	-58.377	9
Yinchuan		279	38.468	106.273	84
Taichung		1488	24.147	120.684	302
Kanpur		627	26.465	80.35	143
Toronto		183	43.706	-79.399	65
Quito		415	-0.23	-78.525	100
Brisbane		76	-27.468	153.028	28
Luanda		40	-8.837	13.234	7
Baotou		297	40.652	109.844	84
Osaka		727	34.694	135.501	151
Linyi		274	35.063	118.343	84
Baoding		291	38.873	115.462	84
Kaohsiung		1490	22.616	120.313	302
Brooklyn		1553	40.65	-73.95	308
Guayaquil		421	-2.196	-79.886	100
Belo Horizonte		152	-19.921	-43.938	52
Minhang		284	31.109	121.375	84
Bazhong		275	31.869	106.744	84
Salvador		149	-12.976	-38.491	51
Abuja		1041	9.058	7.495	217
Gazipur		95	23.998	90.422	34
Chicago		1530	41.85	-87.65	307
Wenzhou		292	27.999	120.667	84
Dakar		1354	14.694	-17.444	280
Haiphong		1639	20.865	106.683	293
Yunfu		282	22.928	112.038	84
Navi Mumbai		625	19.037	73.016	143
Mogadishu		1358	2.037	45.344	281
Kumasi		533	6.688	-1.624	122
Gujranwala		1134	32.156	74.187	231
Lucknow		627	26.839	80.923	143
Xining		290	36.626	101.757	84
Ouagadougou		108	12.366	-1.534	36
Nagpur		625	21.146	79.085	143
Fortaleza		147	-3.717	-38.543	46
Cali		314	3.431	-76.52	86
Perth		70	-31.952	115.861	22
Daegu		809	35.87	128.591	159
Algiers		400	36.732	3.087	99
Nanchang		287	28.684	115.853	84
Baku		91	40.378	49.892	31
Nagoya		729	35.181	136.906	151
Rome		705	41.892	12.511	147
Queens		1553	40.681	-73.837	308
Houston		1544	29.763	-95.363	307
Mashhad		682	36.298	59.606	145
Shaoxing		292	30.002	120.579	84
Nantong		280	32.03	120.875	84
Baoshan		284	31.408	121.49	84
Kowloon		573	22.317	114.183	135
Gaziantep		1442	37.059	37.383	299
Lubumbashi		206	-11.661	27.479	74
Manaus		166	-3.102	-60.025	58
Lusaka		1674	-15.407	28.287	332
Brasília		161	-15.78	-47.93	52
Zhuhai		282	22.277	113.568	84
Santo Domingo		386	18.472	-69.892	98
Lomé		1409	6.129	1.222	292
Multan		1134	30.197	71.478	231
Havana		338	23.133	-82.383	88
Ordos		297	39.609	109.782	84
Paris		503	48.853	2.349	114
Coimbatore		626	11.006	76.966	143
Qingyang		269	35.71	107.645	84
Port Harcourt		1016	4.777	7.013	217
Pretoria		1661	-25.745	28.188	331
Córdoba		63	-31.406	-64.189	8
Mbuji-Mayi		195	-6.136	23.59	74
Aleppo		1385	36.201	37.161	287
Kunshan		280	31.378	120.954	84
Al Mawşil al Jadīdah		662	36.333	43.106	144
Zunyi		273	27.687	106.907	84
La Paz		138	-16.5	-68.15	44
Lianyungang		280	34.598	119.216	84
Medellín		318	6.245	-75.572	86
Puning		282	23.311	116.169	84
Indore		629	22.718	75.833	143
Brazzaville		224	-4.266	15.283	77
Tashkent		1579	41.265	69.216	319
Ganzhou		287	25.847	114.933	84
Almaty		827	43.252	76.912	163
Khartoum		1313	15.552	32.532	271
Hamburg		376	53.551	9.993	94
Sapporo		755	43.067	141.35	151
Songjiang		284	31.034	121.223	84
Accra		538	5.556	-0.197	122
Curitiba		154	-25.428	-49.273	52
Sanaa		1653	15.355	44.206	329
Conakry		546	9.538	-13.677	126
Tijuana		962	32.503	-117.004	205
Hyderabad		1133	25.397	68.377	231
Beirut		847	33.893	35.502	170
Jieyang		282	23.542	116.366	84
Jilin		295	43.847	126.561	84
Jiading		284	31.386	121.245	84
Bucharest		1186	44.432	26.106	244
Camayenne		548	9.535	-13.688	126
Kakamega		776	0.284	34.752	152
Shangqiu		277	34.414	115.656	84
Nanchong		275	30.795	106.085	84
Tainan		1488	22.991	120.213	302
Kaduna		1009	10.526	7.439	217
Omdurman		1309	15.645	32.478	271
Davao		1128	7.073	125.613	230
Thāne		625	19.197	72.964	143
Iztapalapa		948	19.355	-99.062	200
Diyarbakır		1460	37.914	40.217	299
Santa Cruz de la Sierra		135	-17.786	-63.181	44
Vadodara		628	22.299	73.208	143
Adana		1442	36.986	35.325	299
Nanyang		277	33.005	112.547	84
Abu Dhabi		3	24.451	54.397	1
Sharjah		3	25.334	55.412	1
Bhopal		629	23.255	77.403	143
Jiangmen		282	22.583	113.083	84
Benin City		1039	6.338	5.626	217
Jiangyin		280	31.911	120.263	84
Fuyang		289	32.9	115.817	84
Montréal		186	45.509	-73.588	65
Bayan Nur		297	40.741	107.386	84
Chengtangcun		274	35.084	117.191	84
Maracaibo		1600	10.642	-71.611	322
Chaozhou		282	23.654	116.623	84
Minsk		177	53.9	27.567	63
Budapest		614	47.498	19.04	139
Qingyuan		282	23.7	113.033	84
Tai’an		274	36.185	117.12	84
Rasapūdipalem		624	17.733	83.316	143
Pimpri-Chinchwad		625	18.619	73.804	143
Caloocan		1120	14.65	120.968	230
Warsaw		1140	52.23	21.012	232
Soweto		1661	-26.268	27.858	331
Puebla		951	19.048	-98.207	200
Vienna		65	48.208	16.372	21
Barcelona		464	41.389	2.159	105
Patna		642	25.594	85.136	143
Mosul		662	36.335	43.119	144
Kallakurichi		626	11.734	78.959	143
Kampala		1522	0.316	32.582	306
Changshu		280	31.646	120.742	84
Rabat		881	34.013	-6.833	180
Recife		143	-8.054	-34.881	48
Phoenix		1556	33.448	-112.074	312
Suzhou		289	33.636	116.979	84
Ecatepec de Morelos		949	19.605	-99.061	200
Lu’an		289	31.736	116.517	84
Valencia		1588	10.162	-68	322
Ludhiana		643	30.912	75.854	143
Yancheng		280	33.358	120.157	84
Novosibirsk		1273	55.023	82.932	256
Erbil		656	36.191	44.009	144
Fukuoka		727	33.6	130.417	151
Taizhou		280	32.491	119.908	84
Daqing		299	46.583	125	84
Kisangani		196	0.515	25.191	74
Manila		1120	14.604	120.982	230
Wuhu		289	31.353	118.429	84
Santiago de Querétaro		966	20.588	-100.388	200
Dazhou		275	31.211	107.463	84
León de los Aldama		969	21.122	-101.683	200
Makkah	Mecca|Mekah|Mekkah	1296	21.427	39.826	268
Philadelphia		1541	39.952	-75.164	308
Phnom Penh		787	11.562	104.916	154
Guilin		286	25.28	110.296	84
Damascus		1387	33.51	36.291	287
Quetta		1135	30.184	67.001	231
Zhaoqing		282	23.049	112.461	84
Onitsha		1020	6.15	6.786	217
Mianyang		275	31.468	104.682	84
Auckland		1086	-36.849	174.763	224
Isfahan		670	32.652	51.675	145
Wanzhou		294	30.765	108.396	84
Astana		827	51.18	71.446	163
Harare		1682	-17.828	31.053	333
Monrovia		857	6.301	-10.797	174
Putian		283	25.439	119.01	84
Kawasaki		725	35.521	139.717	151
Goiânia		159	-16.679	-49.254	52
San Antonio		1544	29.424	-98.494	307
Kobe		724	34.691	135.183	151
Jinzhou		278	41.108	121.142	84
Stockholm		1326	59.329	18.069	272
Ciudad Juárez		973	31.72	-106.461	208
Cần Thơ		1624	10.037	105.788	325
Munich		369	48.137	11.575	94
Khulna		101	22.81	89.564	34
Belém		142	-1.456	-48.504	50
Yekaterinburg		1246	56.857	60.615	248
Porto Alegre		157	-30.033	-51.23	52
Manhattan		1553	40.783	-73.966	308
Nashik		625	19.997	73.791	143
Taizhou		292	28.663	121.433	84
Asunción		1174	-25.286	-57.647	241
Yiwu		292	29.315	120.077	84
Zapopan		960	20.721	-103.387	200
Adelaide		72	-34.929	138.599	24
Quanzhou		283	24.914	118.586	84
Madurai		626	9.919	78.12	143
Jinhua		292	29.107	119.644	84
Kyoto		727	35.021	135.754	151
Cixi		292	30.176	121.246	84
Changde		276	29.032	111.698	84
Kuala Lumpur		977	3.141	101.687	210
Kayseri		1442	38.732	35.485	299
Kaifeng		277	34.799	114.307	84
Karaj		687	35.833	50.992	145
Kathmandu		1071	27.702	85.321	221
Daejeon		809	36.349	127.385	159
Baoji		288	34.368	107.237	84
Suqian		280	33.949	118.296	84
Liuzhou		286	24.324	109.407	84
Tirunelveli		626	8.727	77.684	143
Konya		1442	37.871	32.485	299
Zhangjiagang		280	31.865	120.539	84
Agra		627	27.183	78.017	143
Tabriz		672	38.08	46.292	145
Kharkiv		1509	49.982	36.255	304
Xinyang		277	32.123	114.066	84
Jinjiang		283	24.82	118.574	84
Faridabad		637	28.411	77.313	143
Bozhou		289	33.877	115.77	84
Qujing		272	25.483	103.783	84
San Diego		1557	32.716	-117.165	313
Gwangju		809	35.155	126.916	159
Zhanjiang		282	21.234	110.387	84
Fushun		278	41.887	123.944	84
Rājkot		628	22.292	70.793	143
Luoyang		277	34.673	112.437	84
Guadalajara		960	20.677	-103.347	200
The Bronx		1553	40.85	-73.866	308
Guankou		276	28.159	113.627	84
Huế		1635	16.462	107.595	293
Milan		709	45.464	9.19	147
Najafgarh		646	28.609	76.98	143
Lianjiang		282	21.647	110.282	84
N'Djamena		1400	12.107	15.044	290
Handan		291	36.61	114.488	84
Bannu		1136	32.985	70.604	231
Yichang		285	30.714	111.285	84
Antananarivo		906	-18.914	47.536	185
Heze		274	35.239	115.474	84
Guarulhos		153	-23.463	-46.533	52
Abobo		236	5.416	-4.016	79
Jamshedpur		638	22.803	86.185	143
Douala		264	4.048	9.704	83
Antalya		1442	36.908	30.696	299
Basrah		666	30.509	47.78	144
Dallas		1544	32.783	-96.807	307
Saitama		727	35.908	139.657	151
Niamey		1005	13.514	2.11	215
Liupanshui		273	26.594	104.833	84
Taguig		1120	14.524	121.079	230
Maoming		282	21.666	110.914	84
Calgary		184	51.05	-114.085	66
Tripoli		871	32.887	13.187	179
Madinah	Medina|Madinah al-Munawwarah	1293	24.469	39.614	268
Yaoundé		260	3.867	11.517	83
Qinzhou		286	21.982	108.651	84
Luohe		277	33.574	114.033	84
Xiangyang		285	32.042	112.145	84
Yangjiang		282	21.856	111.963	84
Yixing		280	31.361	119.82	84
Pimpri		625	18.623	73.807	143
Da Nang		1622	16.068	108.221	325
Amman		721	31.955	35.945	150
Budta		1129	7.204	124.44	230
Belgrade		1215	44.804	20.465	245
Biên Hòa		1640	10.945	106.824	325
Kananga		198	-5.896	22.417	74
Qingpu		284	31.154	121.114	84
Montevideo		1572	-34.903	-56.188	317
Xuchang		277	34.032	113.863	84
Kalyān		625	19.244	73.136	143
Zigong		275	29.342	104.777	84
Nizhniy Novgorod		1247	56.329	44.002	119
Maputo		994	-25.966	32.583	212
Xuzhou		280	34.204	117.284	84
Dammam		1304	26.434	50.103	268
Ra’s Bayrūt		846	33.9	35.483	170
Neijiang		275	29.584	105.062	84
Shiraz		673	29.61	52.531	145
Heshan		276	28.569	112.347	84
Dombivali		625	19.217	73.083	143
Kazan		1249	55.789	49.122	119
Jining		274	35.405	116.581	84
Barquisimeto		1606	10.065	-69.357	322
Shubrā al Khaymah		429	30.125	31.251	102
Putuo		284	31.251	121.39	84
Port-au-Prince		590	18.543	-72.339	138
Suwon		810	37.291	127.009	159
Liaocheng		274	36.451	116.002	84
Jinzhong		281	37.684	112.755	84
Callao		1099	-12.052	-77.135	227
Meerut		627	28.98	77.706	143
Virār		625	19.456	72.811	143
Nowrangapur		645	19.231	82.548	143
Karbala		656	32.616	44.025	144
Changzhi		281	36.184	113.105	84
Tianshui		269	34.58	105.742	84
Sadr City		663	33.389	44.458	144
Yangpu		284	31.262	121.519	84
Mombasa		763	-4.055	39.664	152
Mandalay		924	21.975	96.084	189
Srinagar		633	34.086	74.806	143
Barranquilla		304	10.969	-74.781	86
Chelyabinsk		1224	55.161	61.429	248
Mérida		955	20.967	-89.623	201
Hiroshima		727	34.4	132.45	151
Santiago de los Caballeros		387	19.45	-70.691	98
Shymkent		827	42.31	69.6	163
Weinan		288	34.504	109.509	84
Ghāziābād		627	28.665	77.439	143
Matola		993	-25.962	32.459	212
Dhanbad		638	23.798	86.43	143
Arequipa		1099	-16.399	-71.537	227
Hong Kong Island		573	22.263	114.184	135
Fes		884	34.033	-5	180
Gustavo Adolfo Madero		948	19.494	-99.111	200
Nouakchott		934	18.086	-15.979	194
Jiaxing		292	30.752	120.75	84
Aurangabad		625	19.878	75.342	143
Zhongwei		279	37.511	105.191	84
Omsk		1272	54.992	73.369	255
Pikine		1357	14.765	-17.391	280
Panjin		278	41.121	122.074	84
Prague		353	50.088	14.421	93
Varanasi		627	25.317	83.01	143
Jiujiang		287	29.705	116.002	84
Samara		1228	53.208	50.136	249
Aba		1014	5.107	7.367	217
Amritsar		643	31.622	74.875	143
Birmingham		517	52.481	-1.9	116
Copenhagen		383	55.676	12.566	96
Sofia		117	42.698	23.324	37
Anyang		277	36.096	114.383	84
Yerevan		31	40.178	44.513	6
Luohu District		282	22.547	114.131	84
Vijayawada		624	16.507	80.647	143
Fengxiang		284	30.858	121.468	84
Bijie		273	27.302	105.286	84
Monterrey		965	25.684	-100.317	202
Kigali		1291	-1.95	30.059	267
Rostov-on-Don		1238	47.22	39.708	119
Zhuzhou		276	27.833	113.15	84
Rui’an		292	27.776	120.659	84
Malingao		1126	7.161	124.475	230
Touba		1355	14.862	-15.875	280
Ufa		1225	54.743	55.968	248
Ranchi		638	23.343	85.309	143
Zoucheng		274	35.401	116.966	84
Shangrao		287	28.452	117.943	84
Lilongwe		946	-13.967	33.787	199
Huaibei		289	33.974	116.792	84
Maiduguri		1025	11.847	13.157	217
Xuhui		284	31.196	121.447	84
Meishan		275	30.044	103.837	84
Mwanza		1493	-2.517	32.9	303
Wuchang		285	30.543	114.301	84
Ulsan		809	35.537	129.317	159
Sendai		751	38.267	140.867	151
Krasnoyarsk		1277	56.037	92.931	258
Fuzhou		287	27.96	116.333	84
Guigang		286	23.116	109.595	84
Oslo		1066	59.913	10.746	220
Jabalpur		629	23.167	79.95	143
Ilorin		1031	8.497	4.542	217
Aden		1654	12.78	45.039	329
Ciudad Nezahualcoyotl		949	19.401	-99.015	200
Hengyang		276	26.889	112.619	84
Prayagraj		627	25.445	81.843	143
Trujillo		1100	-8.116	-79.03	227
Visakhapatnam		624	17.68	83.202	143
Goyang-si		810	37.656	126.835	159
Yulin		286	22.631	110.147	84
Jodhpur		630	26.268	73.006	143
Gwalior		629	26.23	78.173	143
Jingzhou		285	30.35	112.19	84
Gqeberha		1665	-33.961	25.615	331
Tbilisi		521	41.691	44.834	118
Voronezh		1219	51.668	39.192	119
Xinxiang		277	35.19	113.802	84
Yichun		287	27.833	114.4	84
Sokoto		1015	13.063	5.243	217
Jos		1029	9.928	8.892	217
Tangier		880	35.767	-5.8	180
Teni		626	10.011	77.478	143
Xianyang		288	34.338	108.703	84
Mexicali		962	32.628	-115.454	205
Pointe-Noire		224	-4.776	11.864	77
Maceió		145	-9.666	-35.735	49
Campinas		153	-22.906	-47.061	52
Sanya		293	18.254	109.509	84
Rangpur		100	25.747	89.252	34
Kirkuk		656	35.468	44.392	144
Ashgabat		1422	37.95	58.383	296
Shaoguan		282	24.8	113.583	84
Howrah		634	22.577	88.319	143
Raipur		639	21.233	81.633	143
Changwon		807	35.228	128.681	159
Longyan		283	25.075	117.018	84
Köln		363	50.933	6.95	94
Dublin		616	53.333	-6.249	140
Tiruchirappalli		626	10.816	78.697	143
Yongzhou		276	26.424	111.613	84
Brussels		104	50.85	4.349	35
Zamboanga		1119	6.91	122.074	230
Ottawa		183	45.411	-75.698	65
Huzhou		292	30.87	120.093	84
Xinyi		282	22.373	110.947	84
Volgograd		1220	48.714	44.498	246
Khartoum North		1309	15.649	32.535	271
Edmonton		184	53.55	-113.469	66
Odesa		1509	46.486	30.744	304
Wuwei		269	37.927	102.632	84
Jacksonville		1528	30.332	-81.656	308
Fort Worth		1544	32.725	-97.321	307
Yishui		274	35.785	118.628	84
Hanzhong		288	33.075	107.022	84
Hezhou		286	24.404	111.567	84
Pest		609	47.5	19.083	139
Kota		630	25.183	75.839	143
Zhu Cheng City		274	35.995	119.403	84
Shivaji Nagar		625	18.53	73.853	143
Dongying		274	37.463	118.492	84
Luzhou		275	28.89	105.426	84
San Jose		1557	37.339	-121.895	313
Sholapur		625	17.672	75.91	143
Marrakesh		882	31.634	-8	180
Guatemala City		563	14.641	-90.513	131
Meizhou		282	24.289	116.118	84
Yueyang		276	29.375	113.095	84
Laiwu		274	36.193	117.657	84
Esenyurt		1471	41.027	28.677	299
Perm		1241	58.01	56.25	248
Zaria		1009	11.111	7.723	217
Kennedy		325	4.617	-74.146	86
Chiba		727	35.6	140.117	151
Pingdingshan		277	33.731	113.316	84
Ciudad Guayana		1604	8.351	-62.641	322
Sargodha		1134	32.086	72.674	231
Austin		1544	30.267	-97.743	307
Managua		1045	12.133	-86.25	218
Bengbu		289	32.941	117.361	84
Salé		881	34.053	-6.798	180
Jerusalem	Al-Quds|Baitul Maqdis	617	31.769	35.216	141
Chandigarh		641	30.736	76.788	143
Dnipro		1517	48.467	35.041	304
Feicheng		274	36.249	116.766	84
Cebu City		1125	10.317	123.891	230
Sanhe		291	39.98	117.069	84
Guli		292	28.882	120.033	84
Tiruppur		626	11.115	77.355	143
Guwahati		650	26.184	91.746	143
Xiangtan		276	27.85	112.9	84
Linfen		281	36.089	111.519	84
Victoria		579	22.288	114.144	135
Zhenjiang		280	32.211	119.455	84
Enugu		1036	6.441	7.499	217
Rosario		59	-32.947	-60.639	8
Sulţānah		1293	24.493	39.586	268
Huludao		278	40.752	120.836	84
Hubballi		631	15.348	75.134	143
Kitakyushu		744	33.852	130.85	151
Taiz		1652	13.58	44.021	329
Setagaya		743	35.642	139.647	151
Kingston		719	17.997	-76.794	149
Jing’an		284	31.22	121.416	84
Baoshan		272	25.116	99.164	84
Chihuahua		951	28.635	-106.089	209
Nay Pyi Taw		918	19.745	96.13	189
Eskişehir		1458	39.777	30.521	299
Mysuru		631	12.298	76.639	143
Chengde		291	40.952	117.959	84
Salem		626	11.654	78.155	143
São Luís		141	-2.53	-44.303	46
Seongnam-si		810	37.439	127.138	159
Cartagena		323	10.398	-75.493	86
Antipolo		1123	14.626	121.123	230
Columbus		1539	39.961	-82.999	308
Sialkot		1134	32.493	74.531	231
Charlotte		1538	35.227	-80.843	308
Laibin		286	23.747	109.222	84
Warri		1012	5.517	5.75	217
Naples		708	40.852	14.268	147
Xiaogan		285	30.927	113.922	84
Wuchuan		282	21.457	110.766	84
Campo Grande		160	-20.443	-54.646	54
Ziyang		275	30.121	104.648	84
Bobo-Dioulasso		113	11.181	-4.295	36
Bahawalpur		1134	29.398	71.675	231
Quzhou		292	28.959	118.869	84
Blantyre		947	-15.785	35.009	199
Donetsk		1509	48.023	37.802	304
Abū Ghurayb		663	33.306	44.185	144
Qom		678	34.64	50.876	145
Bishkek		786	42.87	74.59	153
Krasnodar		1232	45.045	38.982	119
Natal		144	-5.795	-35.209	46
Pingxiang		287	27.617	113.854	84
Cancún		959	21.174	-86.847	204
Indianapolis		1531	39.768	-86.158	309
Gurugram		637	28.46	77.026	143
Bhubaneswar		645	20.272	85.834	143
Zhoushan		292	29.989	122.205	84
Qiqihar		299	47.339	123.962	84
Mulenvos		36	-8.867	13.334	7
Sulaymaniyah		656	35.565	45.433	144
Marseille		505	43.297	5.381	114
Bhiwandi		625	19.3	73.059	143
Soshanguve		1661	-25.473	28.099	331
Laiyang		274	36.976	120.714	84
Daye		285	30.083	114.95	84
Teresina		140	-5.089	-42.802	46
Ankang		288	32.68	109.017	84
Jalandhar		643	31.326	75.579	143
Rotterdam		1055	51.922	4.479	219
Langfang		291	39.521	116.715	84
Lhasa		270	29.65	91.1	84
Duque de Caxias		155	-22.786	-43.312	52
Viana		36	-8.906	13.375	7
Jiaozuo		277	35.239	113.239	84
Benxi		278	41.289	123.765	84
Rohini		646	28.743	77.068	143
Wanxian		294	30.816	108.374	84
Guang’an		275	30.474	106.637	84
Johor Bahru		974	1.466	103.758	210
Arifwala		1134	30.291	73.066	231
Pasig City		1120	14.587	121.061	230
Cheongju-si		816	36.637	127.49	159
Kanayannur		632	9.967	76.267	143
Tegucigalpa		580	14.082	-87.207	136
Bucheon-si		810	37.499	126.783	159
Thanh Hóa		1619	19.8	105.767	293
Turin		704	45.07	7.687	147
Al Ain City		5	24.192	55.761	1
Libreville		514	0.392	9.454	115
Saratov		1234	51.54	45.99	250
Ulan Bator		927	47.908	106.883	190
Weihai		274	37.509	122.114	84
Takeo		787	10.991	104.785	154
Nova Iguaçu		155	-22.759	-43.451	52
Cochabamba		137	-17.382	-66.16	44
Ahvaz		683	31.319	48.684	145
Vientiane		837	17.967	102.6	169
São Bernardo do Campo		153	-23.694	-46.565	52
Zhabei		284	31.259	121.46	84
Shangyu		292	30.016	120.871	84
Xinyu		287	27.804	114.933	84
Pietermaritzburg		1667	-29.617	30.393	331
Yibin		275	28.759	104.64	84
Naucalpan de Juárez		949	19.479	-99.24	200
Kampung Baru Subang		975	3.15	101.533	210
Bouaké		240	7.694	-5.03	79
Taicang		280	31.448	121.094	84
San Francisco		1557	37.775	-122.419	313
Sakai		730	34.582	135.467	151
Jiaojiang		292	28.698	121.473	84
Valencia		449	39.474	-0.38	105
Jinshan		284	30.836	121.294	84
Chenzhou		276	25.8	113.033	84
João Pessoa		148	-7.115	-34.863	46
Bukavu		193	-2.491	28.843	74
Kraków		1152	50.061	19.937	232
Dandong		278	40.129	124.395	84
Barcelona		1596	10.138	-64.688	322
Bangui		223	4.361	18.555	76
Hermosillo		971	29.089	-110.967	207
Bhayandar		625	19.302	72.851	143
Culiacán		968	24.802	-107.394	206
Petaling Jaya		975	3.107	101.607	210
Anqing		289	30.514	117.047	84
Oran		400	35.699	-0.636	99
Freetown		1351	8.487	-13.236	278
San Pedro Sula		581	15.506	-88.026	136
Narela		646	28.853	77.093	143
Xingtai		291	37.062	114.493	84
Niigata		727	37.923	139.041	151
Muscat		1092	23.584	58.408	225
Zarqa		721	32.073	36.088	150
Çankaya		1469	39.918	32.863	299
Küçükçekmece		1471	40.991	28.771	299
Hamamatsu		748	34.7	137.733	151
Kolwezi		207	-10.715	25.467	74
Vinh		1614	18.673	105.692	293
Thiruvananthapuram		632	8.486	76.949	143
Zhaotong		272	27.317	103.717	84
Hondlon		297	40.648	109.794	84
Panzhihua		275	26.585	101.713	84
Chuzhou		289	32.322	118.298	84
Seattle		1565	47.606	-122.332	313
Port Said		428	31.265	32.302	102
Cúcuta		322	7.907	-72.505	86
Homs		1385	34.724	36.726	287
Xuancheng		289	30.953	118.755	84
Ibb		1655	13.967	44.183	329
Nampula		990	-15.116	39.267	212
Bujumbura		120	-3.382	29.361	39
Tyumen		1269	57.152	65.527	248
Erzurum		1442	39.909	41.277	299
Anshun		273	26.25	105.933	84
Dodoma		1493	-6.172	35.739	303
Rajshahi		97	24.374	88.601	34
Dera Ismail Khan		1136	31.831	70.902	231
Sorocaba		153	-23.502	-47.458	52
Wuzhou		286	23.481	111.288	84
Ipoh		978	4.584	101.083	210
Qinhuangdao		291	39.941	119.589	84
Benghazi		872	32.115	20.069	179
Uberlândia		152	-18.919	-48.277	52
Alīgarh		627	27.881	78.075	143
Shaoyang		276	27.238	111.462	84
Malatya		1442	38.35	38.317	299
Winnipeg		189	49.884	-97.147	70
Ōta		743	35.561	139.716	151
Andijon		1585	40.783	72.351	319
Bareilly		627	28.367	79.432	143
Buraydah		1300	26.326	43.975	268
Hegang		299	47.347	130.29	84
Morelia		967	19.701	-101.184	200
Riga		867	56.946	24.106	178
Zhuanghe		278	39.701	122.991	84
Amsterdam		1059	52.374	4.89	219
Cagayan de Oro		1127	8.482	124.647	230
Ma’anshan		289	31.686	118.51	84
Shah Alam		975	3.085	101.533	210
Bağcılar		1471	41.039	28.857	299
Shizuishan		279	38.981	106.389	84
Kumamoto		727	32.806	130.692	151
Oyo		1017	7.854	3.932	217
Torreón		961	25.544	-103.419	202
Deyang		275	31.13	104.382	84
Abeokuta		1033	7.156	3.345	217
Al Ḩudaydah		1659	14.798	42.955	329
Yangquan		281	37.858	113.563	84
Akure		1021	7.253	5.193	217
Denver		1558	39.739	-104.985	314
Osasco		153	-23.532	-46.792	52
Kikolo		36	-8.781	13.334	7
Maianga		36	-8.847	13.237	7
São José dos Campos		153	-23.179	-45.887	52
Álvaro Obregón		948	19.359	-99.203	200
Aihara		725	35.6	139.317	151
Evaton		1661	-26.533	27.85	331
Valenzuela		1120	14.7	120.967	230
Muzaffarābād		1137	34.37	73.471	231
Okayama		727	34.65	133.933	151
San Luis Potosí		964	22.152	-100.971	202
Aguascalientes		951	21.883	-102.284	200
General Santos		1126	6.113	125.172	230
Zhumadian		277	32.984	114.026	84
Morādābād		627	28.839	78.777	143
Sagamihara		725	35.567	139.242	151
Qingshan		297	40.663	109.882	84
Mississauga		183	43.579	-79.658	65
Lviv		1509	49.838	24.023	304
Namangan		1579	40.998	71.673	319
Zaporizhzhya		1506	47.852	35.117	304
Zanzibar		1491	-6.164	39.198	303
Saltillo		961	25.426	-100.98	202
Latakia		1385	35.531	35.791	287
Subang Jaya		975	3.044	101.581	210
Warangal		623	18	79.583	143
Paranaque City		1120	14.482	121.017	230
Tolyatti		1228	53.53	49.346	249
Santo Domingo Oeste		399	18.5	-70	98
Santo Domingo Este		399	18.485	-69.848	98
Dhārāvi		625	19.05	72.867	143
Battagram		1136	34.677	73.023	231
Suez		428	29.974	32.526	102
Ribeirão Preto		153	-21.177	-47.81	52
Agadir		888	30.42	-9.598	180
Edogawe		743	35.692	139.873	151
Sarajevo		92	43.849	18.356	32
Adachi		743	35.763	139.808	151
Changning		284	31.217	121.421	84
Bauchi		1015	10.31	9.844	217
Shizuoka		727	34.983	138.383	151
Tunis		1425	36.819	10.166	297
Zhangjiakou		291	40.783	114.871	84
Washington		1527	38.895	-77.036	308
Nashville		1543	36.166	-86.784	307
Fuxin		278	42.016	121.659	84
Ta’if	Taif|Thaif	1296	21.27	40.416	268
Changsha		282	22.381	112.685	84
Huangshi		285	30.247	115.048	84
Liaoyang		278	41.272	123.173	84
Hlaingthaya		926	16.85	96.067	189
Beira		998	-19.844	34.839	212
Hongkou		284	31.25	121.489	84
Zaragoza		456	41.656	-0.877	105
Sevilla		451	37.383	-5.973	105
Baise		286	23.89	106.627	84
Agege		1032	6.616	3.333	217
Binzhou		274	37.367	118.017	84
Oklahoma City		1540	35.468	-97.516	307
Yuncheng		281	35.023	110.993	84
Dezhou		274	37.447	116.367	84
Dushanbe		1418	38.536	68.779	294
Cotonou		126	6.365	2.418	40
El Paso		1544	31.759	-106.487	314
Gorakhpur		627	26.766	83.369	143
Guadalupe		965	25.677	-100.259	202
Wrocław		1147	51.103	17.03	232
Guntur		624	16.3	80.457	143
Katsina		1027	12.991	7.602	217
Sanmenxia		277	34.781	111.193	84
E’zhou		285	30.396	114.887	84
Madīnat an Naşr		435	30.067	31.3	102
Camama		36	-8.936	13.265	7
Tabuk		1292	28.4	36.572	268
Kitwe		1671	-12.802	28.213	332
Bulawayo		1682	-20.15	28.583	333
Mudanjiang		299	44.548	129.626	84
Aracaju		162	-10.911	-37.072	49
Joinville		158	-26.304	-48.846	52
Athens		559	37.984	23.728	129
Zagreb		585	45.814	15.978	137
Leshan		275	29.562	103.764	84
Santo André		153	-23.664	-46.538	52
Vancouver		188	49.25	-123.119	69
Rizhao		274	35.414	119.529	84
Helsinki		492	60.17	24.935	109
Cheonan		815	36.806	127.152	159
Acapulco de Juárez		958	16.849	-99.909	200
Dongcun		274	36.777	121.16	84
Puducherry		641	11.934	79.83	143
Suining		275	30.508	105.573	84
Brampton		183	43.683	-79.766	65
Huangpu		284	31.238	121.478	84
Golfe		36	-8.866	13.262	7
Puyang		277	35.756	115.044	84
Soacha		305	4.579	-74.217	86
Boston		1548	42.358	-71.06	308
Tlalnepantla		949	19.54	-99.195	200
Jājmau		627	26.43	80.409	143
Portland		1563	45.523	-122.676	313
Calumbo		41	-9.147	13.419	7
Tlaquepaque		960	20.641	-103.293	200
Frankfurt am Main		364	50.116	8.684	94
Macau		930	22.201	113.546	191
Palermo		698	38.117	13.364	147
Izhevsk		1259	56.852	53.199	249
Colombo		855	6.935	79.849	173
Maturín		1607	9.746	-63.183	322
Amravati		625	20.933	77.75	143
Lingyuan		278	41.24	119.401	84
Detroit		1549	42.331	-83.046	311
Mingguang		289	32.78	117.964	84
Osogbo		1019	7.771	4.557	217
Honchō		742	35.701	139.986	151
Bikaner		630	28.018	73.315	143
Jaboatão dos Guararapes		143	-8.113	-35.015	48
Hoji ya Henda		36	-8.805	13.29	7
Las Vegas		1560	36.175	-115.137	313
New South Memphis		1543	35.087	-90.057	307
Hwaseong-si		810	37.207	126.817	159
Gold Coast		76	-28	153.431	28
Łódź		1151	51.771	19.474	232
Jeonju		814	35.822	127.149	159
Chongming		295	31.619	121.696	84
Al Aḩmadī		822	29.077	48.084	160
Cuenca		422	-2.895	-78.996	100
Chisinau		891	47.009	28.859	182
Likasi		206	-10.983	26.738	74
Hebi		277	35.732	114.286	84
Comilla		99	23.462	91.185	34
Tshikapa		194	-6.416	20.8	74
Chunian		1134	30.966	73.979	231
Kochi		632	9.94	76.26	143
Memphis		1543	35.15	-90.049	307
Jingmen		285	31.034	112.205	84
Barnaul		1279	53.362	83.728	259
Piura		1099	-5.182	-80.657	227
Siping		298	43.161	124.378	84
Bhilai		639	21.209	81.428	143
Ndola		1671	-12.959	28.637	332
Contagem		152	-19.932	-44.054	52
Ulyanovsk		1224	54.328	48.387	247
Djibouti		379	11.589	43.145	95
Glasgow		518	55.865	-4.258	116
Panshan		278	41.188	122.049	84
Louisville		1533	38.254	-85.759	310
Irkutsk		1284	52.296	104.291	262
Ansan-si		810	37.324	126.822	159
Al Mansurah		441	31.036	31.381	102
Kermanshah		685	34.314	47.065	145
Jiaozhou		274	36.284	120.003	84
Düsseldorf		363	51.223	6.779	94
Suizhou		285	31.711	113.363	84
Villa Nueva		563	14.525	-90.585	131
Khabarovsk		1224	48.462	135.097	261
Cuiabá		151	-15.596	-56.097	53
Arusha		1493	-3.367	36.683	303
Feira de Santana		149	-12.267	-38.967	51
Las Piñas		1120	14.451	120.983	230
Chizhou		289	30.661	117.478	84
Coyoacán		948	19.347	-99.162	200
Stuttgart		365	48.782	9.177	94
Ya'an		275	29.985	102.999	84
Cuttack		645	20.465	85.879	143
Borivli		625	19.235	72.86	143
Chiclayo		1106	-6.77	-79.855	227
Yaroslavl		1218	57.63	39.874	119
Gothenburg		1334	57.707	11.967	272
Kawaguchi		732	35.805	139.711	151
Bukit Rahman Putra		975	3.217	101.561	210
Jhang Sadr		1134	31.27	72.317	231
Ha'il		1299	27.522	41.691	268
Bhavnagar		628	21.763	72.153	143
Benoni		1661	-26.188	28.321	331
Vladivostok		1282	43.106	131.874	261
Tuxtla		952	16.754	-93.116	201
Kryvyy Rih		1517	47.906	33.394	304
Sanming		283	26.249	117.619	84
Islamabad		1138	33.721	73.043	231
Sāngli		625	16.854	74.564	143
Jamnagar		628	22.473	70.067	143
Lubango		47	-14.917	13.492	7
Pokhara		1070	28.267	83.969	221
Shuangyashan		299	46.677	131.133	84
Borama		1366	9.936	43.183	281
Pallabi		95	23.825	90.37	34
Luancheng		291	37.885	114.646	84
Makhachkala		1251	42.978	47.5	119
Anyang-si		810	37.392	126.927	159
Huambo		40	-12.776	15.739	7
Samarkand		1577	39.655	66.964	318
Mengzi		272	23.368	103.382	84
Kagoshima		727	31.567	130.55	151
Mukalla		1658	14.542	49.124	329
Rasht		677	37.276	49.589	145
Mar del Plata		52	-38	-57.556	9
Essen		363	51.457	7.012	94
Al Maḩallah al Kubrá		427	30.971	31.167	102
Málaga		451	36.72	-4.42	105
Shekhupura		1134	31.713	73.986	231
Yingkou		278	40.665	122.232	84
Zhangzhou		283	24.513	117.656	84
Reynosa		953	26.08	-98.285	203
Thuận An		1612	10.924	106.714	325
Dortmund		363	51.515	7.466	94
Suginami		753	36.201	140.284	151
Baltimore		1535	39.29	-76.612	308
Itabashi		743	35.749	139.715	151
New Kingston		717	18.007	-76.783	149
Pelentong		974	1.524	103.824	210
Londrina		154	-23.31	-51.163	52
Bucaramanga		324	7.125	-73.119	86
Genoa		710	44.405	8.944	147
Hachiōji		743	35.656	139.324	151
Malacca		980	2.196	102.24	210
Nha Trang		1630	12.245	109.194	325
Kerman		670	30.283	57.079	145
Orūmīyeh		681	37.553	45.076	145
Bahçelievler		1471	41.002	28.86	299
Tanta		427	30.788	31.002	102
Jammu		633	32.735	74.862	143
Iskandar Puteri		974	1.393	103.623	210
Calamba		1123	14.212	121.165	230
Tlalpan		948	19.295	-99.162	200
Herāt		16	34.348	62.2	2
Dongsheng		297	39.816	109.978	84
Gujrat		1134	32.574	74.075	231
Tomsk		1270	56.5	84.982	254
Umraniye		1471	41.016	29.125	299
Shihezi		271	44.302	86.037	85
South Boston		1548	42.333	-71.049	308
Nakuru		761	-0.307	36.072	152
Hamilton		183	43.25	-79.85	65
Irbid		721	32.556	35.85	150
Manchester		517	53.481	-2.237	116
Kota Bharu		987	6.124	102.243	210
Surrey		188	49.106	-122.825	69
Meknes		884	33.894	-5.547	180
Puente Alto		249	-33.612	-70.576	81
Nyala		1312	12.049	24.881	271
Xinmin		278	41.991	122.825	84
Dresden		372	51.051	13.738	94
Orenburg		1243	51.767	55.099	248
Albuquerque		1559	35.084	-106.651	314
Bokāro		638	23.669	86.152	143
Asmara		448	15.338	38.932	104
Sukkur		1133	27.703	68.859	231
Milwaukee		1555	43.039	-87.906	307
Chợ Lớn		1612	10.753	106.659	325
Wenchang		293	19.552	110.803	84
Ile-Ife		1019	7.482	4.56	217
Gombe		1035	10.29	11.167	217
Hamhŭng		800	39.918	127.536	158
Kemerovo		1274	55.354	86.104	257
Nasiriyah		661	31.058	46.257	144
Bloemfontein		1663	-29.121	26.214	331
Sheffield		517	53.383	-1.466	116
Santiago de Cuba		331	20.023	-75.822	88
Cuautitlán Izcalli		949	19.644	-99.216	200
Benguela		40	-12.577	13.403	7
Chuxiong		272	25.036	101.546	84
Balbala		381	11.562	43.107	95
Huaihua		276	27.563	110.004	84
Sishui		274	35.649	117.276	84
Muntinlupa		1123	14.39	121.047	230
Bình Thạnh		1612	10.811	106.706	325
Zahedan		696	29.496	60.863	145
Banqiao		1489	25.014	121.467	302
Nanded		625	19.16	77.315	143
Kozhikode		632	11.248	75.78	143
Ulanqab		297	40.993	113.133	84
Cabinda		40	-5.562	12.195	7
Ajegunle		1032	6.452	3.331	217
Pristina		1649	42.673	21.167	245
Jiamusi		299	46.797	130.311	84
Korla		271	41.761	86.152	85
Kolhāpur		625	16.696	74.232	143
Porto Velho		165	-8.762	-63.904	57
San Miguel de Tucumán		58	-26.816	-65.211	13
Kuantan		983	3.808	103.326	210
Sevastopol		1511	44.608	33.521	305
Nellore		624	14.45	79.987	143
Mirpur Model Thana		95	23.809	90.361	34
Bremen		376	53.076	8.807	94
Wanning		293	18.799	110.384	84
Owerri		1018	5.484	7.033	217
Kota Kuala Muda		984	5.588	100.371	210
Sungai Petani		984	5.647	100.488	210
Xinzhou		281	38.409	112.733	84
Kotō		756	32.779	130.745	151
Kalaburagi		631	17.336	76.838	143
Tucson		1556	32.222	-110.926	312
Selayang Baru Utara		975	3.255	101.667	210
Vilnius		862	54.689	25.28	176
Ajmer		630	26.452	74.639	143
Pingdu		274	36.784	119.946	84
Fresno		1557	36.748	-119.772	313
Mbeya		1493	-8.9	33.45	303
Juiz de Fora		152	-21.764	-43.35	52
Calabar		1037	4.959	8.327	217
Oujda		883	34.681	-1.909	180
Novokuznetsk		1274	53.758	87.136	257
Ryazan’		1237	54.627	39.704	119
Ji’an		287	27.117	114.979	84
Sahiwal		1134	31.974	72.331	231
Mersin		1442	36.812	34.639	299
Nilüfer		1483	40.214	28.916	299
Leeds		517	53.796	-1.548	116
Poznań		1149	52.407	16.93	232
Aqsu		271	41.184	80.279	85
Ebute Ikorodu		1032	6.601	3.488	217
Ananindeua		142	-1.366	-48.372	50
Tanggu		296	39.021	117.647	84
Pasir Gudang		974	1.462	103.905	210
Astrakhan		1267	46.35	48.041	253
Okara		1134	30.81	73.452	231
Nansana		1522	0.364	32.529	306
Kimhae		807	35.234	128.881	159
Ar Raqqah		1390	35.953	39.008	287
Québec		186	46.812	-71.215	65
Cuauhtémoc		948	19.445	-99.146	200
Shangluo		288	33.867	109.931	84
Himeji		724	34.817	134.7	151
Ibagué		320	4.436	-75.203	86
Antwerp		105	51.22	4.4	35
Assiut		440	27.181	31.184	102
Hamadān		689	34.799	48.515	145
Qionghai		293	19.242	110.464	84
Aparecida de Goiânia		159	-16.823	-49.244	52
Cangzhou		291	38.311	116.853	84
Mohammadpur		97	24.898	88.528	34
Yuanping		281	38.715	112.757	84
San Salvador		1378	13.689	-89.187	285
Beihai		286	21.483	109.115	84
Van		1442	38.495	43.383	299
Sacramento		1557	38.582	-121.494	313
Thủ Đức		1612	10.849	106.772	325
Üsküdar		1471	41.023	29.014	299
Penza		1242	53.196	45.011	119
Mazār-e Sharīf		11	36.709	67.111	2
Kandahār		14	31.613	65.71	2
Hengshui		291	37.739	115.683	84
Dehradun		652	30.324	78.034	143
Erode		626	11.343	77.727	143
Lyon		507	45.749	4.848	114
Salta		53	-24.806	-65.42	11
Serra		150	-20.129	-40.308	52
Esenler		1471	41.044	28.876	299
Daxing’anling		299	52.334	124.712	84
Qui Nhon		1626	13.776	109.224	325
Al Fayyum		444	29.31	30.842	102
Durgapur		634	23.516	87.308	143
Utsunomiya		728	36.567	139.883	151
Victoria de Durango		972	24.02	-104.658	202
Belford Roxo		155	-22.764	-43.399	52
Lisbon		1164	38.725	-9.15	238
Rahim Yar Khan		1134	28.42	70.303	231
Ulhasnagar		625	19.217	73.15	143
Guangyuan		275	32.442	105.823	84
Loni		627	28.751	77.29	143
Siliguri		634	26.71	88.429	143
Nuremberg		369	49.454	11.078	94
Niterói		155	-22.883	-43.104	52
Ujjain		629	23.182	75.776	143
Hannover		374	52.371	9.733	94
Edinburgh		518	55.952	-3.196	116
Macapá		146	0.039	-51.066	50
Xianning		285	29.843	114.322	84
Toulouse		499	43.604	1.444	114
Thembisa		1661	-25.996	28.227	331
Carrefour		590	18.533	-72.4	138
Matsuyama		735	33.839	132.766	151
Bilimora		628	20.77	72.961	143
Kasur		1134	31.119	74.45	231
Atlanta		1529	33.749	-84.388	308
Heroica Matamoros		953	25.88	-97.504	203
Makati City		1120	14.55	121.033	230
Buda		609	47.5	19.033	139
Tonghua		298	41.72	125.926	84
Mianzhu, Deyang, Sichuan		275	31.338	104.221	84
Naberezhnyye Chelny		1249	55.737	52.42	119
Lipetsk		1253	52.588	39.552	119
Kikwit		211	-5.041	18.816	75
Florianópolis		158	-27.597	-48.549	52
Banan		294	29.379	106.54	84
Newcastle		73	-32.93	151.78	25
Tuen Mun		573	22.392	113.972	135
Zhangye		269	38.934	100.452	84
Kirov		1256	58.598	49.658	251
Kashgar		271	39.467	75.987	85
Mukim Pulai		974	1.533	103.667	210
Najrān		1295	17.493	44.128	268
Karol Bāgh		646	28.651	77.191	143
Zhoukou		277	33.633	114.633	84
Leipzig		372	51.34	12.371	94
Pingliang		269	35.539	106.686	84
Kalininskiy		1236	59.997	30.39	119
Duisburg		363	51.432	6.765	94
Āsansol		634	23.683	86.983	143
Arāk		695	34.095	49.698	145
Maipú		249	-33.514	-70.765	81
Homyel'		180	52.434	30.975	63
Aktobe		827	50.28	57.207	165
Kota Kinabalu		976	5.975	116.072	211
Talatona		36	-8.918	13.186	7
Kampung Larkin Lama		974	1.502	103.744	210
Kota Damansara		975	3.155	101.58	210
Saminaka		1009	10.412	8.687	217
Jalalpur Pirwala		1134	29.505	71.222	231
Mangaluru		631	12.917	74.856	143
Zhucheng		274	35.995	119.397	84
Santa Marta		307	11.239	-74.194	86
Matsudo		742	35.78	139.901	151
Hāthazāri		99	22.505	91.813	34
Lapu-Lapu City		1125	10.31	123.949	230
Karagandy		825	49.802	73.102	163
Loudi		276	27.734	111.994	84
Liverpool		517	53.411	-2.978	116
Ichikawa		742	35.734	139.906	151
Sha Tin		573	22.383	114.183	135
Dera Ghazi Khan		1134	30.046	70.64	231
Hecun		291	36.533	114.111	84
Higashiosaka		730	34.667	135.583	151
Pindi Bhattian		1134	31.898	73.273	231
Cheboksary		1264	56.132	47.246	119
Pohang		811	36.029	129.365	159
Shanwei		282	22.782	115.347	84
Montería		316	8.751	-75.878	86
Ruiru		758	-1.147	36.961	152
Valledupar		302	10.465	-73.253	86
Belagavi		631	15.852	74.504	143
Ajman		3	25.402	55.479	1
Jianshui		272	24.277	101.224	84
Sancaktepe		1471	41.002	29.232	299
Port Sudan		1315	19.617	37.216	271
Toluca		949	19.288	-99.653	200
Ciudad López Mateos		949	19.558	-99.257	200
Al Khuşūş		429	30.153	31.315	102
Jeju City		817	33.51	126.522	159
Gdańsk		1154	54.352	18.649	232
Miami		1528	25.774	-80.194	308
Omaha		1551	41.256	-95.94	307
Nishinomiya		724	34.716	135.332	151
Masina		214	-4.384	15.391	75
Sahāranpur		627	29.968	77.545	143
Vellore		626	12.918	79.133	143
Donghe		297	40.566	110.02	84
Kurashiki		745	34.583	133.767	151
Campos dos Goytacazes		155	-21.752	-41.33	52
Angeles City		1122	15.15	120.583	230
Bhātpāra		634	22.866	88.401	143
Jijiga		465	9.35	42.8	108
Tula		1227	54.196	37.618	119
Najaf		656	32.026	44.346	144
Raleigh		1538	35.772	-78.639	308
Imus		1123	14.43	120.937	230
Xichang		275	27.896	102.263	84
Malegaon		625	20.55	74.535	143
Zaoyang		285	32.127	112.754	84
São José do Rio Preto		153	-20.82	-49.379	52
Caxias do Sul		157	-29.168	-51.179	52
Karabağlar		1452	38.382	27.132	299
Okene		1022	7.551	6.236	217
Uijeongbu-si		810	37.742	127.047	159
Bristol		517	51.455	-2.597	116
East London		1665	-33.015	27.912	331
Chéngguān Qū		270	29.638	91.044	84
Yazd		671	31.897	54.367	145
Hargeysa		1361	9.56	44.065	281
Ōita		738	33.233	131.6	151
Jincheng		281	35.502	112.833	84
Hongjiang		276	27.11	109.996	84
Modīnagar		627	28.831	77.573	143
Taoyuan		1488	24.994	121.297	302
Eldoret		780	0.52	35.27	152
Kansas City		1536	39.1	-94.579	307
Yan’an		288	36.599	109.492	84
Kaliningrad		1258	54.706	20.511	252
Skopje		911	41.996	21.431	187
Vereeniging		1661	-26.673	27.926	331
The Hague		1055	52.077	4.299	219
Long Beach		1557	33.767	-118.189	313
Gaya		642	24.797	85.004	143
Iloilo		1124	10.697	122.564	230
Shouguang		274	36.88	118.737	84
Jingdezhen		287	29.295	117.208	84
Murcia		449	37.987	-1.13	105
Mesa		1556	33.422	-111.823	312
Halifax		190	44.643	-63.577	71
Morogoro		1493	-6.821	37.661	303
Marikina City		1120	14.648	121.113	230
Kenitra		881	34.261	-6.58	180
Seeb		1093	23.67	58.189	225
Mykolayiv		1513	46.976	31.993	304
Fukuyama		749	34.483	133.367	151
Staten Island		1553	40.562	-74.14	308
Nanping		283	26.645	118.174	84
Pereira		312	4.814	-75.695	86
Ciudad Apodaca		965	25.781	-100.189	202
São João de Meriti		155	-22.804	-43.372	52
Ambattur		626	13.098	80.162	143
Kanazawa		747	36.6	136.617	151
Gonder		470	12.6	37.467	108
Mandaluyong City		1120	14.583	121.041	230
Mixco		563	14.631	-90.607	131
Longshan		298	42.885	125.137	84
Ikare		1021	7.526	5.753	217
Nova Vida		36	-8.906	13.222	7
Vũng Tàu		1612	10.346	107.084	325
Maracay		1589	10.25	-67.595	322
Tamale		530	9.401	-0.839	122
Heyuan		282	23.733	114.683	84
Dĩ An		1612	10.907	106.769	325
Kira		1522	0.4	32.633	306
Esna		432	25.293	32.554	102
Huangshan		289	29.711	118.312	84
Ḩamāh		1386	35.132	36.758	287
Jalgaon		625	21.003	75.566	143
Kurnool		624	15.829	78.036	143
Yola		1010	9.208	12.481	217
Tieling		278	42.293	123.841	84
Rạch Giá		1625	10.012	105.081	325
Amagasaki		724	34.717	135.417	151
Santo Domingo de los Colorados		413	-0.254	-79.176	100
Ţarţūs		1384	34.889	35.887	287
Mek'ele		467	13.497	39.475	108
Nazrēt		466	8.55	39.267	108
Colorado Springs		1558	38.834	-104.821	314
Huancayo		1111	-12.069	-75.21	227
Al Hillah		665	32.464	44.42	144
Mbandaka		208	0.049	18.26	75
Malanje		40	-9.54	16.341	7
Namp’o		797	38.737	125.408	158
Ciudad General Escobedo		965	25.797	-100.318	202
Bacolod City		1124	10.667	122.95	230
Virginia Beach		1545	36.853	-75.978	308
Wafangdian		278	39.618	122.008	84
Mansilingan		1124	10.631	122.979	230
Kahama		1499	-3.833	32.6	303
Hsinchu		1488	24.804	120.969	302
Katsushika		743	35.733	139.85	151
Bornova		1452	38.479	27.24	299
Rāmgundam		623	18.801	79.452	143
Batman		1442	37.887	41.132	299
Yongji		281	34.866	110.44	84
Lishui		292	28.46	119.91	84
Udaipur		630	24.586	73.713	143
Warder		465	6.974	45.341	108
Wenshan City		272	23.363	104.25	84
Eslamshahr		680	35.552	51.235	145
Juba		1375	4.852	31.582	283
Muratpaşa		1466	36.892	30.765	299
Bắc Giang		1645	21.273	106.195	293
Şanlıurfa		1444	37.167	38.794	299
Kursk		1254	51.727	36.185	119
Maheshtala		634	22.509	88.253	143
Nam Định		1628	20.434	106.177	293
Constantine		400	36.365	6.615	99
Patiāla		643	30.336	76.392	143
Boksburg		1661	-26.212	28.26	331
Basuo		293	19.103	108.666	84
Campina Grande		148	-7.231	-35.881	46
Ensenada		962	31.871	-116.601	205
Elazığ		1459	38.674	39.223	299
Jundiaí		153	-23.186	-46.884	52
Xochimilco		948	19.255	-99.104	200
Shyamnagar		634	22.833	88.367	143
Dasmariñas		1123	14.329	120.937	230
Zhangjiajie		276	29.129	110.478	84
Korhogo		237	9.458	-5.63	79
Piracicaba		153	-22.725	-47.649	52
Fujisawa		725	35.349	139.477	151
Bissau		571	11.864	-15.598	133
Zhongxiang		285	31.166	112.583	84
Sandakan		976	5.84	118.118	211
Mawlamyine		922	16.491	97.628	189
Laval		186	45.57	-73.692	65
Palma		453	39.569	2.65	105
Montes Claros		152	-16.735	-43.862	52
Sunch’ŏn		794	39.432	125.933	158
Sultangazi		1471	41.107	28.868	299
Uyo		1013	5.051	7.934	217
Bei’an		299	48.267	126.6	84
Davangere		631	14.467	75.927	143
Macheng		285	31.18	115.022	84
Ado-Ekiti		1040	7.623	5.221	217
Manizales		319	5.067	-75.507	86
Masan		813	35.127	126.831	159
Buôn Ma Thuột		1616	12.667	108.038	325
Stavropol		1231	45.034	41.964	119
Shuozhou		281	39.316	112.422	84
Kashiwa		742	35.862	139.977	151
Ogbomoso		1017	8.134	4.24	217
Tel Aviv		617	32.081	34.781	141
Buenaventura		314	3.583	-77	86
Welkom		1663	-27.977	26.735	331
Sham Shui Po		576	22.33	114.159	135
Machida		743	35.54	139.451	151
Venustiano Carranza		948	19.444	-99.105	200
Zagazig		439	30.588	31.502	102
Vinnytsya		1507	49.232	28.469	304
Ismailia		428	30.604	32.272	102
Ningde		283	26.662	119.523	84
Akola		625	20.71	76.998	143
Kima Kieza		36	-8.834	13.295	7
Cusco		1113	-13.532	-71.967	227
Jiuquan		269	39.743	98.517	84
Veracruz		951	19.181	-96.143	200
East Jerusalem		1162	31.783	35.234	237
Bryansk		1265	53.271	34.321	119
Maltepe		1471	40.936	29.155	299
Sumgayit		86	40.59	49.669	31
Tando Bago		1133	24.789	68.965	231
Kuala Terengganu		979	5.33	103.141	210
Toyota		729	35.083	137.15	151
Matadi		209	-5.839	13.463	75
Al Kharj		1301	24.155	47.335	268
Wong Tai Sin		574	22.35	114.183	135
Minna		1023	9.615	6.548	217
Mandaluyong		1120	14.578	121.035	230
Xalapa de Enríquez		956	19.531	-96.916	200
Rajpur Sonarpur		634	22.438	88.432	143
Bratislava		1347	48.148	17.107	277
Taman Petaling		988	3.199	101.65	210
Shinagawa		735	33.636	133.006	151
Al Ḩasakah		1391	36.502	40.748	287
Luxor		428	25.699	32.642	102
London		183	42.983	-81.233	65
Awasa		474	7.062	38.476	108
Chimoio		997	-19.116	33.483	212
Tando Allahyar		1133	25.46	68.717	231
Daloa		239	6.877	-6.45	79
Barra da Tijuca		155	-22.998	-43.365	52
Dingxi		269	35.571	104.623	84
Bamenda		267	5.96	10.146	83
Tver		1226	56.858	35.901	119
Thái Nguyên		1620	21.594	105.848	293
Boa Vista		167	2.82	-60.673	59
Rio Branco		164	-9.975	-67.81	56
Oakland		1557	37.804	-122.271	313
Christchurch		1085	-43.533	172.633	224
Korba		639	22.346	82.696	143
Takamatsu		734	34.333	134.05	151
Kowloon City		573	22.33	114.192	135
Santos		153	-23.961	-46.334	52
Tirana		26	41.327	19.819	5
Petrolina		143	-9.399	-40.501	48
Mauá		153	-23.668	-46.461	52
San Juan		1158	18.466	-66.106	235
Alor Setar		984	6.121	100.36	210
Tongchuan		288	34.899	108.951	84
Pasay		1120	14.537	121.001	230
Nuevo Laredo		953	27.476	-99.516	203
Toyama		727	36.7	137.217	151
Tétouan		880	35.578	-5.368	180
Zürich		226	47.367	8.55	78
Beylikdüzü		1471	40.982	28.64	299
Việt Trì		1615	21.323	105.402	293
Azcapotzalco		948	19.487	-99.186	200
Tampa		1528	27.948	-82.458	308
Bunamwaya		1522	0.253	32.557	306
Magnitogorsk		1252	53.398	59.007	248
Tulsa		1540	36.154	-95.993	307
Jhānsi		627	25.459	78.58	143
Tseung Kwan O		575	22.328	114.25	135
Ciudad Bolívar		1604	8.124	-63.547	322
Kampung Kangkar Teberau		974	1.532	103.755	210
Koumassi		236	5.297	-3.968	79
San Nicolás de los Garza		965	25.742	-100.302	202
Guyuan		279	36.007	106.281	84
Wandsbek		375	53.583	10.083	94
Minneapolis		1550	44.98	-93.264	307
Thoothukudi		626	8.767	78.134	143
Ardabīl		694	38.25	48.293	145
Ballari		631	15.142	76.924	143
Chaoyang		278	41.57	120.459	84
Gaza		1161	31.502	34.467	236
Maringá		154	-23.425	-51.939	52
Yokosuka		725	35.284	139.667	151
Kom Ombo		436	24.477	32.946	102
Saltivka		1520	50.022	36.349	304
Nagasaki		727	32.75	129.883	151
Gujangbagh		271	37.109	79.934	85
Tonalá		960	20.623	-103.242	200
Zhijiang		285	30.421	111.753	84
Panama City		1095	8.994	-79.52	226
Uvira		193	-3.395	29.138	74
Hirakata		730	34.814	135.649	151
Ivanovo		1260	57	40.973	119
Cumaná		1602	10.464	-64.179	322
Newcastle		1667	-27.758	29.932	331
Gumi		811	36.114	128.336	159
Brno		362	49.195	16.608	93
Jixi		299	45.293	130.962	84
Diadema		153	-23.686	-46.623	52
Kuching		985	1.55	110.333	211
Gifu		727	35.423	136.76	151
Caruaru		143	-8.283	-35.976	48
Tongling		289	30.95	117.783	84
Tarlac City		1122	15.48	120.598	230
Toyonaka		730	34.782	135.469	151
Kassala		1313	15.451	36.4	271
Miyazaki		727	31.917	131.417	151
Lekki		1032	6.446	3.477	217
Antofagasta		259	-23.651	-70.398	81
Wah Cantt		1134	33.771	72.751	231
Bhāgalpur		642	25.244	86.972	143
Agartala		654	23.836	91.279	143
Dayrah		4	25.271	55.302	1
West Jerusalem		621	31.782	35.22	141
Bida		1023	9.08	6.01	217
Bunia		204	1.559	30.252	74
Antakya		1465	36.207	36.157	299
Quận Mười		1612	10.768	106.666	325
Sunshine Coast		76	-26.657	153.08	28
Kisumu		771	-0.102	34.762	152
Luhansk		1509	48.568	39.306	304
Barinas		1591	8.621	-70.231	322
Hancheng		288	35.46	110.429	84
Vitória da Conquista		149	-14.866	-40.839	51
Wichita		1532	37.692	-97.338	307
Al Hoceïma		880	35.252	-3.937	180
Szczecin		1148	53.429	14.553	232
Delmas		590	18.545	-72.3	138
Liaozhong		278	41.506	122.724	84
Vila Velha		150	-20.33	-40.292	52
Bologna		712	44.494	11.339	147
Sejong		818	36.592	127.292	159
Cazenga		36	-8.838	13.284	7
Samsun		1442	41.28	36.336	299
Tallinn		426	59.437	24.754	101
Tanga		1493	-5.069	39.099	303
El Obeid		1316	13.184	30.217	271
Lobito		48	-12.364	13.536	7
Saurimo		34	-9.661	20.392	7
Bauru		153	-22.315	-49.061	52
Bello		318	6.337	-75.558	86
Pasto		313	1.215	-77.278	86
Gaomi		274	36.383	119.753	84
Santa Fe		53	-31.649	-60.709	8
San-Pédro		233	4.749	-6.636	79
Makurdi		1024	7.734	8.521	217
Takoradi		531	4.898	-1.76	122
Samut Prakan		1414	13.598	100.597	293
Arlington		1544	32.736	-97.108	307
Khamis Mushait		1297	18.3	42.733	268
Ambato		424	-1.249	-78.617	100
Carapicuíba		153	-23.523	-46.835	52
Ojo de Agua		949	19.68	-99.01	200
Windhoek		999	-22.559	17.083	213
Abomey-Calavi		127	6.449	2.356	40
Bochum		363	51.482	7.216	94
Suita		730	34.761	135.516	151
Benito Juárez		948	19.373	-99.156	200
Sector 3		1214	44.423	26.169	244
Chak Jhumra		1134	31.568	73.183	231
Kahramanmaraş		1456	37.585	36.926	299
Chongzuo		286	22.382	107.368	84
Grajaú		153	-23.77	-46.671	52
Okazaki		729	34.95	137.167	151
Xico		949	19.27	-98.951	200
Iztacalco		948	19.395	-99.098	200
Kākināda		624	16.96	82.238	143
Betim		152	-19.968	-44.198	52
Las Palmas de Gran Canaria		452	28.102	-15.416	106
Cotabato		1129	7.224	124.246	230
Bawshar		1093	23.578	58.4	225
Latur		625	18.397	76.568	143
Tanzhou		282	22.255	113.467	84
Wellington		1076	-41.287	174.776	224
Mazatlán		968	23.222	-106.419	206
Nizhny Tagil		1246	57.919	59.965	248
Irapuato		969	20.671	-101.356	200
Ichinomiya		729	35.3	136.8	151
Aswān		436	24.091	32.899	102
Iaşi		1197	47.167	27.6	244
Krugersdorp		1661	-26.086	27.775	331
Pānihāti		634	22.691	88.374	143
Shibganj		97	25.001	89.323	34
Caucaia		147	-3.736	-38.653	46
Iquitos		1103	-3.748	-73.253	227
Toyohashi		729	34.767	137.383	151
Hechuan		294	29.992	106.265	84
Pétionville		590	18.512	-72.285	138
Utrecht		1053	52.091	5.122	219
Rajamahendravaram		624	17.005	81.778	143
Cariacica		150	-20.264	-40.42	52
Dhule		625	20.901	74.777	143
Yanzhou		274	35.553	116.829	84
Minato		736	34.215	135.15	151
Puchong		975	3	101.617	210
Ondo		1021	7.093	4.835	217
Pingyin		274	36.283	116.445	84
Rohtak		637	28.894	76.589	143
Bhawana		1134	31.569	72.649	231
Rustenburg		1664	-25.668	27.242	331
Bakersfield		1557	35.373	-119.019	313
Xuanhua		291	40.612	115.065	84
Emalahleni		1662	-25.871	29.233	331
Bafoussam		268	5.478	10.418	83
Thủ Dầu Một		1612	10.98	106.652	325
Takasaki		733	36.333	139.017	151
Seremban		981	2.73	101.938	210
Miguel Hidalgo		948	19.434	-99.2	200
Nagano		727	36.65	138.183	151
Tawau		976	4.245	117.891	211
Cardiff		516	51.48	-3.18	116
Dachang		284	31.309	121.415	84
Đống Đa		1618	21.013	105.825	293
Chitungwiza		1686	-18.013	31.076	333
Fenghuang		276	27.936	109.6	84
Umuahia		1014	5.525	7.495	217
Puerto La Cruz		1596	10.214	-64.633	322
Uşak		1443	38.674	29.406	299
Bharatpur		1071	27.68	84.436	221
Itaquaquecetuba		153	-23.486	-46.348	52
Natore		97	24.411	88.987	34
6th of October City		434	29.817	31.05	102
Leicester		517	52.639	-1.132	116
Desna		1516	50.522	30.682	304
Cascavel		154	-24.956	-53.455	52
Sector 6		1214	44.436	26.016	244
Canberra		77	-35.283	149.128	25
Avellaneda		52	-34.66	-58.367	9
Praia Grande		153	-24.006	-46.403	52
Nara-shi		739	34.685	135.805	151
Florence		711	43.779	11.246	147
Ahilyanagar		625	19.095	74.738	143
Kollam		632	8.881	76.585	143
Huanggang		285	30.451	114.87	84
Bradford		517	53.794	-1.752	116
Bilāspur		639	22.08	82.155	143
Malabon		1120	14.673	120.94	230
Franca		153	-20.539	-47.401	52
Cleveland		1539	41.499	-81.695	308
Iseyin		1017	7.97	3.596	217
Etobicoke		183	43.644	-79.57	65
Yenagoa		1011	4.927	6.268	217
Gboko		1024	7.323	9.001	217
Samba		36	-8.88	13.196	7
Olinda		143	-8.009	-34.855	48
Pyeongtaek		810	36.995	127.089	159
Petare		1598	10.477	-66.808	322
Bến Cát		1612	11.15	106.6	325
Anqiu		274	36.434	119.192	84
Alanya		1466	36.544	32	299
Larkana		1133	27.559	68.212	231
Al Qadarif		1313	14.035	35.383	271
Hrodna		179	53.676	23.829	63
Nawabshah		1133	26.239	68.404	231
New Orleans		1534	29.955	-90.075	307
Keelung		1488	25.131	121.741	302
Malmö		1328	55.606	13.001	272
Jizhou		291	37.551	115.569	84
Manukau City		1081	-36.993	174.88	224
Maradi		1006	13.5	7.102	215
Burewala		1134	30.167	72.65	231
Ataşehir		1471	40.983	29.117	299
Blumenau		158	-26.919	-49.066	52
Nanqiao		284	30.916	121.449	84
Mingora		1136	34.779	72.363	231
Santarém		142	-2.443	-54.708	47
Wuppertal		363	51.256	7.148	94
Ulan-Ude		1283	51.826	107.6	262
Huocheng		271	44.053	80.872	85
Ijebu Ode		1033	6.819	3.917	217
Maseru		861	-29.317	27.483	175
Bhilwara		630	25.347	74.641	143
Aurora		1558	39.729	-104.832	314
Vitebsk		176	55.19	30.205	63
Sultanbeyli		1471	40.961	29.271	299
Taraz		830	42.898	71.373	163
Yangsan		807	35.342	129.034	159
Dniprovskyi		1516	50.454	30.601	304
San Jose del Monte		1122	14.814	121.045	230
Abū al-Kahṣīb		666	30.443	47.878	144
Gwangmyeong		810	37.477	126.866	159
Zanjan		670	36.676	48.496	145
Neiva		315	2.93	-75.28	86
Iwaki		754	37.05	140.883	151
Vladimir		1222	56.139	40.4	119
Tete		990	-16.156	33.587	212
Bacoor		1123	14.459	120.939	230
Uberaba		152	-19.748	-47.932	52
Wakayama		727	34.233	135.167	151
Brahmapur		645	19.312	84.793	143
Fengshan		1490	22.627	120.361	302
Fatih		1471	41.023	28.941	299
Misratah		871	32.375	15.093	179
Cuíto		49	-12.383	16.933	7
Benito Juarez		948	19.398	-99.158	200
Kyzylorda		827	44.853	65.509	167
Sinjhoro		1133	26.03	68.809	231
Kawagoe		732	35.909	139.485	151
Takatsuki		730	34.848	135.617	151
Muzaffarpur		642	26.123	85.391	143
Tapachula		952	14.905	-92.259	201
Lhoka		270	29.243	91.772	84
Villahermosa		950	17.986	-92.939	201
Setapak		975	3.207	101.727	210
Mahilyow		178	53.909	30.34	63
Bandar Abbas		693	27.186	56.281	145
Pravyi Bereh		1514	47.115	37.585	304
Yunusobod		1580	41.371	69.279	319
Ras Al Khaimah		3	25.79	55.943	1
Cabimas		1600	10.399	-71.452	322
Honolulu		1567	21.307	-157.858	316
Anaheim		1557	33.835	-117.915	313
Tarsus		1445	36.918	34.893	299
Pengze		287	29.899	116.546	84
Bahir Dar		470	11.594	37.391	108
Punāsa		629	22.235	76.393	143
Al Maḩmūdīyah		663	33.062	44.366	144
Diepsloot		1661	-25.933	28.012	331
Xilinhot		297	43.939	116.07	84
São José dos Pinhais		154	-25.53	-49.208	52
Quelimane		991	-17.879	36.888	212
Arkhangel’sk		1268	64.546	40.552	119
Muzaffarnagar		627	29.471	77.703	143
Hulunbuir		297	49.211	119.756	84
Shinjuku		743	35.691	139.709	151
Sikasso		913	11.318	-5.667	188
Sanandaj		676	35.315	46.999	145
Chita		1285	52.043	113.492	263
San Pedro		1123	14.36	121.047	230
Alicante		455	38.345	-0.481	105
Bimbo		221	4.257	18.416	76
Kalemyo		923	23.19	94.064	189
Belfast		519	54.597	-5.925	116
Long Bien		1618	21.033	105.9	293
Camagüey		343	21.381	-77.917	88
Bilbao		457	43.263	-2.925	105
Brest		176	52.109	23.717	63
Ribeirão das Neves		152	-19.767	-44.087	52
Chifeng		297	42.268	118.964	84
Central Coast		73	-33.43	151.371	25
Corrientes		53	-27.468	-58.834	8
Hŭngnam		800	39.842	127.632	158
Avadi		626	13.115	80.11	143
Yunlong		280	34.253	117.252	84
Koshigaya		732	35.89	139.789	151
Coventry		517	52.407	-1.512	116
Belgorod		1266	50.603	36.581	119
Toamasina		897	-18.149	49.402	185
Logan City		76	-27.639	153.109	28
Ōtsu		737	35	135.867	151
Kosti		1311	13.163	32.663	271
Qitaihe		299	45.768	130.995	84
Doha		1177	25.285	51.531	242
Kadapa		624	14.48	78.823	143
Nakano		743	35.704	139.669	151
Turmero		1589	10.229	-67.474	322
Tokorozawa		732	35.799	139.469	151
Cabanatuan City		1122	15.486	120.966	230
Pizhou		280	34.311	117.95	84
Darnytsya		1516	50.416	30.695	304
Dire Dawa		472	9.593	41.866	108
Annaba		400	36.9	7.767	99
Nice		505	43.703	7.266	114
Iligan		1127	8.229	124.243	230
Soledad		304	10.918	-74.765	86
Temara		881	33.929	-6.907	180
Paulista		143	-7.941	-34.873	48
Obalende		1032	6.447	3.415	217
Kukatpally		623	17.485	78.414	143
Laixi		274	36.859	120.527	84
Dihok		657	36.866	42.988	144
Kaluga		1257	54.531	36.27	119
Bắc Từ Liêm		1618	21.065	105.747	325
Celaya		969	20.522	-100.814	200
Serekunda		541	13.438	-16.678	125
Kafrul		95	23.788	90.374	34
Karşıyaka		1452	38.458	27.114	299
Ḩadā’iq al Qubbah		435	30.088	31.284	102
Makiyivka		1514	48.048	37.926	304
West Raleigh		1538	35.787	-78.664	308
Cuernavaca		957	18.926	-99.231	200
Markham		183	43.867	-79.266	65
São Vicente		153	-23.963	-46.392	52
Kaesŏng		799	37.971	126.554	158
Tungi		95	23.892	90.402	34
Krasnogvargeisky		1236	59.973	30.476	119
Randburg		1661	-26.094	28.001	331
Safi		882	32.299	-9.237	180
Simferopol		1510	44.957	34.111	305
Lublin		1143	51.251	22.57	232
Pelotas		157	-31.77	-52.341	52
San José		329	9.934	-84.085	87
Orlando		1528	28.538	-81.379	308
Viña del Mar		245	-33.025	-71.552	81
Qazvin		679	36.269	50.004	145
Asahikawa		755	43.771	142.365	151
Kāmārhāti		634	22.671	88.375	143
Tepic		963	21.507	-104.893	206
Wŏnju		808	37.351	127.945	159
Wad Medani		1308	14.401	33.52	271
Quận Mười Một		1612	10.764	106.644	325
Nukus		1575	42.459	59.606	318
Konak		1452	38.4	27.1	299
Maebashi		733	36.4	139.083	151
Kita		743	35.753	139.733	151
Ciudad Victoria		953	23.741	-99.144	202
Soledad de Graciano Sánchez		964	22.189	-100.938	200
Kochi		727	33.55	133.533	151
Bielefeld		363	52.033	8.533	94
Blida		400	36.47	2.828	99
Kwai Chung		578	22.368	114.139	135
Mandaue City		1125	10.324	123.922	230
Ganja		90	40.682	46.361	31
Khorramshahr		683	30.441	48.184	145
Bonn		363	50.734	7.095	94
Mathura		627	27.503	77.672	143
Hechi		286	24.693	108.084	84
Bydgoszcz		1155	53.123	18.008	232
Smolensk		1233	54.778	32.051	119
Oral		824	51.246	51.426	162
Khorramabad		684	33.488	48.356	145
Soyapango		1378	13.71	-89.14	285
Tongshan		280	34.18	117.157	84
Guédiawaye		1357	14.774	-17.402	280
Plovdiv		115	42.154	24.75	37
Ciudad Obregón		971	27.486	-109.941	207
Wŏnsan		793	39.153	127.444	158
Brent		517	51.553	-0.302	116
Pavlodar		834	52.276	76.969	163
Chānda		625	19.951	79.295	143
Canoas		157	-29.918	-51.184	52
Kōriyama		754	37.4	140.383	151
Sochi		1232	43.597	39.725	119
Aksaray		1442	38.373	34.025	299
Vijayapura		631	16.824	75.715	143
Chipata		1678	-13.633	32.65	332
Chongjin		806	41.796	129.776	158
Yanji		298	42.888	129.502	84
Roodepoort		1661	-26.163	27.872	331
Pucallpa		1101	-8.379	-74.554	227
Mogi das Cruzes		153	-23.523	-46.188	52
Córdoba		451	37.892	-4.773	105
Birkenhead		517	53.393	-3.015	116
Nantes		506	47.217	-1.553	114
Ilesa		1019	7.628	4.742	217
Bhatara		95	23.8	90.45	34
Espoo		492	60.205	24.652	109
Kikuyu		758	-1.246	36.663	152
Kluang		974	2.03	103.317	210
Lincang		272	23.88	100.095	84
Nottingham		517	52.954	-1.15	116
Ramiros		36	-9.063	13.046	7
Al ‘Amārah		667	31.836	47.145	144
Volzhsky		1220	48.786	44.78	246
Vaughan		183	43.836	-79.498	65
Xingyi		273	25.096	104.906	84
Shivamogga		631	13.932	75.568	143
Alwar		630	27.562	76.625	143
Uíge		37	-7.609	15.061	7
Taubaté		153	-23.026	-45.555	52
Ixtapaluca		949	19.316	-98.883	200
Osh		783	40.528	72.799	153
Portoviejo		416	-1.058	-80.451	100
Villavicencio		301	4.132	-73.626	86
Man’gyŏngdae-ri		798	38.992	125.659	158
Camaçari		149	-12.697	-38.324	51
San Miguelito		1095	9.05	-79.471	226
Shāhjānpur		627	27.882	79.909	143
Lexington		1533	37.989	-84.478	308
Tantou		282	22.751	113.835	84
Suzano		153	-23.543	-46.311	52
Anápolis		159	-16.327	-48.953	52
Kaech’ŏn		794	39.701	125.893	158
Jūnāgadh		628	21.52	70.46	143
Islington		517	51.536	-0.103	116
Hoa Lư		1628	20.258	105.98	293
Holguín		339	20.887	-76.263	88
Ust-Kamenogorsk		835	49.971	82.606	163
Tsuen Wan		573	22.371	114.113	135
Zinder		1003	13.807	8.988	215
Saransk		1235	54.185	45.172	119
Al Diwaniyah		668	31.993	44.926	144
Varna		115	43.219	27.91	37
Hafizabad		1134	32.071	73.688	231
Marne La Vallée		503	48.836	2.642	114
Damanhur		431	31.034	30.468	102
Chiniot		1134	31.721	72.978	231
Popayán		311	2.438	-76.613	86
Reading		517	51.456	-0.971	116
Geita		1493	-2.873	32.233	303
Constanţa		1203	44.181	28.634	244
New Delhi		646	28.621	77.215	143
Thessaloníki		560	40.641	22.935	129
Thiès		1356	14.789	-16.926	280
Naha		740	26.213	127.679	151
Riverside		1557	33.953	-117.396	313
Baicheng		298	45.618	122.833	84
Chimbote		1104	-9.075	-78.594	227
Bari		713	41.121	16.87	147
Barueri		153	-23.511	-46.876	52
Corpus Christi		1544	27.801	-97.396	307
Thrissur		632	10.517	76.217	143
Cherepovets		1221	59.133	37.9	119
Eloy Alfaro		421	-2.169	-79.84	100
Hamburg-Nord		375	53.589	9.984	94
Al-Kut		664	32.513	45.818	144
Muar		974	2.044	102.569	210
Şişli		1471	41.06	28.987	299
Lexington-Fayette		1533	38.05	-84.459	308
Maroua		262	10.591	14.316	83
Kingston upon Hull		517	53.745	-0.335	116
Preston		517	53.763	-2.705	116
Lianshan		278	40.764	120.853	84
Denizli		1442	37.774	29.087	299
Ikeja		1032	6.597	3.342	217
New Cairo		435	30.03	31.47	102
Al Qāhirah al Jadīdah		428	30.042	31.444	102
Vitória		150	-20.319	-40.338	52
Palmira		314	3.535	-76.298	86
Vologda		1221	59.224	39.884	119
Iligan City		1126	8.25	124.4	230
Catania		698	37.492	15.07	147
Jardim Angela		153	-23.716	-46.769	52
Nizāmābād		623	18.672	78.099	143
Cincinnati		1539	39.127	-84.514	308
Coatzacoalcos		956	18.149	-94.445	200
Santa Ana		1557	33.746	-117.868	313
Sariwŏn-si		795	38.507	125.756	158
Botshabelo		1663	-29.267	26.726	331
Butuan		1131	8.949	125.544	230
Shahrīār		680	35.659	51.058	145
Qods		680	35.721	51.109	145
Gia Lâm		1618	21.02	105.939	293
Kurgan		1276	55.449	65.343	248
Tampico		953	22.285	-97.878	202
Akowonjo		1032	6.61	3.31	217
Cabuyao		1123	14.273	121.126	230
Tabora		1493	-5.016	32.827	303
Kasugai		729	35.248	136.972	151
An Nhơn		1626	13.886	109.108	325
Alimosho		1032	6.607	3.302	217
Ciudad Benito Juárez		965	25.647	-100.091	202
Münster		363	51.962	7.626	94
Mannheim		365	49.489	8.467	94
Akita		727	39.717	140.117	151
Tumkūr		631	13.341	77.102	143
Chinju		807	35.193	128.085	159
Parbhani		625	19.269	76.771	143
Hisar		637	29.154	75.723	143
Iksan		814	35.944	126.954	159
Fīrozābād		627	27.151	78.398	143
Palmas		163	-10.167	-48.328	55
Vladikavkaz		1223	43.041	44.67	119
Port-de-Paix		589	19.94	-72.83	138
Damietta		428	31.416	31.813	102
Posadas		51	-27.392	-55.924	8
Parauapebas		142	-6.067	-49.902	50
Brakpan		1661	-26.237	28.369	331
Stockton		1557	37.958	-121.291	313
Juazeiro do Norte		147	-7.213	-39.315	46
Yokkaichi		726	34.967	136.617	151
Kulti		634	23.732	86.844	143
Tláhuac		948	19.287	-99.005	200
Sapele		1012	5.894	5.677	217
Kashan		686	33.982	51.428	145
Kāshān		686	34.002	51.439	145
Pittsburgh		1541	40.441	-79.996	308
Armenia		326	4.537	-75.673	86
Santa Catarina		965	25.673	-100.458	202
Sumbawanga		1494	-7.967	31.617	303
Orël		1244	52.969	36.079	119
Akashi		724	34.655	135.007	151
Hai Bà Trưng		1618	21.013	105.848	293
Kurume		744	33.317	130.517	151
Graz		69	47.067	15.442	21
Saint Paul		1550	44.944	-93.093	307
Saltivskyi		1520	49.999	36.316	304
Nghi Sơn		1619	19.327	105.821	293
Karnāl		637	29.692	76.984	143
Changyi		274	36.854	119.391	84
Ciudad del Este		1172	-25.504	-54.651	241
Rosetta		431	31.4	30.417	102
Barddhamān		634	23.256	87.857	143
Toshima		743	35.761	139.745	151
Solwezi		1670	-12.169	26.389	332
Hamburg-Mitte		375	53.55	10.017	94
Augsburg		369	48.372	10.899	94
South Dublin		616	53.29	-6.342	140
Valladolid		458	41.655	-4.724	105
Miri		985	4.399	113.992	211
Xinyi		280	34.384	118.346	84
Mardan		1136	34.198	72.05	231
Surgut		1271	61.258	73.418	248
Swansea		516	51.621	-3.943	116
San Pablo		1123	14.068	121.326	230
Newcastle upon Tyne		517	54.973	-1.614	116
Gundupālaiyam		655	11.941	79.803	143
Várzea Grande		151	-15.647	-56.133	53
Gatineau		186	45.477	-75.702	65
Yangshuo		286	24.781	110.49	84
Biñan		1123	14.343	121.081	230
Malir Cantonment		1133	24.943	67.206	231
Winejok		1371	9.012	27.571	283
Batikent		1469	39.968	32.731	299
Mérida		1599	8.579	-71.169	322
Fergana		1579	40.384	71.784	319
Kaolack		1354	14.152	-16.073	280
Aomori		727	40.817	140.733	151
Grozny		1261	43.312	45.689	119
Białystok		1145	53.133	23.164	232
Murmansk		1224	68.968	33.099	119
Lincoln		1551	40.8	-96.667	307
Fukushima		727	37.75	140.467	151
Bergen		1069	60.393	5.324	220
Tambov		1229	52.736	41.441	119
Aizawl		653	23.729	92.718	143
Gandhinagar		628	23.217	72.683	143
Semey		832	50.421	80.25	163
Adıyaman		1468	37.764	38.276	299
Resistencia		50	-27.464	-58.987	8
Morioka		752	39.7	141.15	151
Atyrau		826	47.105	51.884	164
San Cristóbal		1594	7.766	-72.236	322
Victoria		188	48.436	-123.352	69
Batna		400	35.556	6.174	99
Kaunas		862	54.902	23.909	176
Machala		417	-3.259	-79.959	100
Wiesbaden		364	50.086	8.244	94
Kabwe		1676	-14.447	28.446	332
Sinŭiju		802	40.101	124.398	158
Bắc Ninh		1645	21.186	106.076	293
Katowice		1153	50.26	19.022	232
Adapazarı		1485	40.781	30.403	299
Cluj-Napoca		1204	46.767	23.6	244
Songea		1504	-10.683	35.65	303
Tacna		1099	-18.015	-70.254	227
Long Xuyên		1625	10.386	105.435	325
Haifa		617	32.813	34.999	141
Chuncheon		808	37.875	127.734	159
Port Moresby		1117	-9.477	147.151	229
Minya		428	28.092	30.758	102
Chernihiv		1519	51.505	31.287	304
Valparaíso		245	-33.036	-71.63	81
Ica		1099	-14.075	-75.734	227
Lichinga		995	-13.313	35.241	212
Ostrava		356	49.835	18.282	93
Sfax		1428	34.741	10.76	297
Madison		1555	43.073	-89.401	307
Bukhara		1579	39.77	64.431	318
Poltava		1509	49.589	34.554	304
Petrozavodsk		1240	61.785	34.347	119
Quảng Ngãi		1627	15.12	108.792	325
Qarshi		1578	38.861	65.789	318
Sincelejo		306	9.305	-75.391	86
Kostroma		1255	57.766	40.928	119
Imphal		649	24.808	93.944	143
Gagnoa		238	6.132	-5.951	79
Yamoussoukro		232	6.821	-5.277	79
Strasbourg		500	48.584	7.746	114
Tsu		726	34.733	136.517	151
Khmelnytskyi		1509	49.418	26.979	304
Loja		418	-3.993	-79.204	100
Tai Po		573	22.45	114.169	135
Luena		46	-11.783	19.917	7
Banī Suwayf		438	29.074	31.098	102
Guantánamo		340	20.144	-75.209	88
Baguio		1132	16.416	120.593	230
Ar Rayyān		1176	25.292	51.424	242
Polokwane		1666	-23.904	29.469	331
Ljubljana		1339	46.051	14.505	275
Jalālābād		15	34.426	70.452	2
Deir ez-Zor		1385	35.336	40.141	287
Mỹ Tho		1631	10.36	106.36	325
Mito		753	36.35	140.45	151
Hạ Long		1636	20.95	107.073	293
Cherkasy		1509	49.445	32.057	304
Çorum		1480	40.549	34.953	299
Yoshkar-Ola		1217	56.639	47.891	119
Shibīn al Kawm		430	30.553	31.009	102
Tokushima		727	34.067	134.567	151
Sohag		428	26.557	31.695	102
Hà Tĩnh		1637	18.343	105.906	293
Djelfa		400	34.673	3.263	99
Kibaha		1498	-6.767	38.917	303
Bordeaux		510	44.841	-0.58	114
El Daein		1319	11.462	26.126	271
Porto-Novo		121	6.496	2.604	40
Chernivtsi		1509	48.29	25.932	304
Riobamba		414	-1.665	-78.659	100
Sivas		1442	39.748	37.016	299
Fukui-shi		750	36.064	136.223	151
Zhytomyr		1505	50.262	28.679	304
Antsirabe		905	-19.866	47.033	185
Tampere		480	61.499	23.787	109
Mahajanga		902	-15.717	46.317	185
Ðà Lạt		1629	11.946	108.442	325
San Salvador de Jujuy		57	-24.193	-65.293	12
Gasteiz / Vitoria		457	42.85	-2.673	105
Pachuca de Soto		954	20.117	-98.733	200
Sumy		1509	50.917	34.799	304
Parakou		122	9.337	2.63	40
Isiro		200	2.774	27.616	74
Sari		675	36.563	53.06	145
Kenema		1350	7.877	-11.19	278
Oaxaca		951	17.06	-96.725	200
Mossamedes		44	-15.196	12.152	7
Hobart		75	-42.879	147.329	27
Mueang Nonthaburi		1415	13.861	100.515	293
Saint-Louis		1354	16.018	-16.49	280
Braşov		1206	45.649	25.606	244
Qina		432	26.164	32.727	102
Porto		1164	41.148	-8.611	238
Kiel		373	54.321	10.135	94
El Fasher		1318	13.628	25.349	271
Los Teques		1598	10.35	-67.043	322
Santiago del Estero		53	-27.8	-64.263	8
Sétif		403	36.191	5.414	99
Afyonkarahisar		1467	38.757	30.543	299
San Fernando		1122	15.034	120.684	230
Menongue		45	-14.659	17.691	7
Timişoara		1185	45.754	21.226	244
Santa Clara		332	22.407	-79.966	88
La Paz		970	24.142	-110.313	206
Singa		1310	13.148	33.931	271
Mzuzu		945	-11.466	34.021	199
Yamagata		727	38.233	140.367	151
Paraná		61	-31.733	-60.529	8
San Miguel		1381	13.483	-88.182	285
Coro		1603	11.408	-69.678	322
Gaborone		174	-24.655	25.909	62
Puerto Montt		252	-41.469	-72.942	81
Syktyvkar		1230	61.664	50.816	119
Gorgān		690	36.843	54.444	145
Groningen		1053	53.219	6.567	219
Bago		919	17.335	96.481	189
Magdeburg		371	52.131	11.632	94
Trabzon		1442	41.005	39.727	299
Manisa		1442	38.612	27.426	299
Rivne		1512	50.62	26.237	304
Man		235	7.413	-7.554	79
Arica		258	-18.476	-70.301	81
Nalchik		1248	43.498	43.619	119
Lille		508	50.634	3.055	114
Ngaoundéré		261	7.328	13.585	83
Ivano-Frankivsk		1509	48.923	24.712	304
Balıkesir		1463	39.649	27.886	299
Temuco		247	-38.736	-72.597	81
Pathein		925	16.779	94.732	189
Sylhet		96	24.899	91.872	34
Podgorica		894	42.441	19.263	183
Boise		1561	43.614	-116.203	315
Yakutsk		1281	62.031	129.723	260
Thành Phố Bà Rịa		1612	10.496	107.168	325
Georgetown		572	6.804	-58.155	134
Kismayo		1360	-0.358	42.545	281
Kindu		197	-2.944	25.922	74
Craiova		1202	44.317	23.8	244
Bo		1352	7.965	-11.738	278
Saga		727	33.233	130.3	151
Pemba		992	-12.974	40.518	212
Singida		1493	-4.816	34.744	303
Kigoma		1493	-4.877	29.627	303
Neuquén		62	-38.951	-68.059	11
Türkmenabat		1424	39.073	63.579	296
Marka		1359	1.716	44.772	281
Tripoli		844	34.434	35.844	170
Ordu		1442	40.978	37.89	299
San Fernando de Apure		1608	7.89	-67.472	322
Phan Thiết		1629	10.929	108.102	325
Nassau		168	25.058	-77.343	60
Rennes		502	48.111	-1.674	114
Baton Rouge		1534	30.443	-91.187	307
Turkistan		827	43.295	68.257	163
Gusau		1034	12.17	6.664	217
Richmond		1545	37.554	-77.46	308
Nzérékoré		544	7.756	-8.818	126
Regina		187	50.45	-104.618	68
Cà Mau		1644	9.177	105.152	325
Ternopil		1509	49.554	25.591	304
Mymensingh		98	24.756	90.406	34
Blagoveshchensk		1286	50.276	127.526	260
Košice		1342	48.714	21.258	277
Sucre		134	-19.033	-65.263	44
Mutare		1679	-18.971	32.671	333
Paramaribo		1370	5.866	-55.167	282
Concepción		256	-36.827	-73.05	81
Ramadi		660	33.421	43.308	144
Mainz		370	49.982	8.28	94
Velikiy Novgorod		1245	58.521	31.271	119
Haeju		801	38.041	125.715	158
Formosa		53	-26.185	-58.173	8
La Ceiba		582	15.76	-86.782	136
Moshi		1497	-3.35	37.333	303
Sousse		1427	35.825	10.637	297
Sóc Trăng		1624	9.6	105.972	325
Kankan		547	10.385	-9.306	126
Mbarara		1521	-0.605	30.649	306
Ibarra		420	0.349	-78.125	100
Banja Luka		93	44.779	17.206	32
Campeche		951	19.841	-90.517	201
Oviedo		462	43.36	-5.845	105
Kropyvnytskyi		1518	48.508	32.266	304
Chon Buri		1414	13.362	100.983	293
Erfurt		377	50.977	11.035	94
Esmeraldas		418	0.959	-79.654	100
San Pedro de Macorís		389	18.454	-69.309	98
Galaţi		1199	45.437	28.05	244
Gilgit		1139	35.919	74.312	231
Oulu		484	65.012	25.468	109
Lutsk		1515	50.758	25.35	304
Salt Lake City		1564	40.761	-111.891	314
Novi Sad		1216	45.252	19.837	245
Tân An		1621	10.536	106.414	325
Ziguinchor		1354	12.568	-16.273	280
Des Moines		1547	41.601	-93.609	307
Târgu Mureş		1182	46.542	24.557	244
Rancagua		250	-34.169	-70.741	81
Cape Coast		536	5.105	-1.247	122
Cobán		569	15.47	-90.375	131
Cao Lãnh		1631	10.46	105.633	325
Santa Cruz de Tenerife		452	28.468	-16.255	106
Abha		1297	18.216	42.505	268
Burgas		115	42.507	27.469	37
Pskov		1239	57.819	28.332	119
Beni Mellal		887	32.337	-6.35	180
Sidi Bel Abbes		400	35.19	-0.631	99
Kostanay		827	53.214	63.625	168
Kanggye		804	40.969	126.585	158
Oruro		137	-17.972	-67.093	44
La Romana		392	18.423	-68.966	98
Pamplona		461	42.817	-1.643	105
Phan Rang-Tháp Chàm		1630	11.564	108.989	325
Hurghada		443	27.257	33.813	102
Turku		479	60.451	22.269	109
Pagadian		1119	7.826	123.437	230
San Felipe		1593	10.34	-68.743	322
Sumbe		42	-11.206	13.844	7
Ségou		914	13.44	-6.259	188
Latacunga		419	-0.934	-78.615	100
Linz		66	48.306	14.286	21
Biskra		400	34.85	5.728	99
Trieste		702	45.65	13.777	147
Mpanda		1496	-6.344	31.07	303
Sodo		477	6.86	37.762	108
Las Tunas		337	20.961	-76.952	88
Matsue		741	35.483	133.05	151
Bayamón		1159	18.399	-66.156	235
Fianarantsoa		903	-21.453	47.086	185
Bandundu Province		211	-3.317	17.381	75
Osmaniye		1442	37.074	36.248	299
Little Rock		1526	34.746	-92.29	307
Iringa		1493	-7.767	35.7	303
Debrecen		602	47.532	21.624	139
Barishal		102	22.705	90.37	34
Al Khums		878	32.649	14.262	179
Koronadal		1126	6.503	124.847	230
Geneva		230	46.202	6.146	78
Tallahassee		1528	30.438	-84.281	308
Cajamarca		1107	-7.164	-78.5	227
Daşoguz		1423	41.836	59.967	296
Petropavl		833	54.873	69.151	163
Nicosia		349	35.173	33.354	92
Kamina		199	-8.735	24.998	74
Lạng Sơn		1633	21.853	106.761	293
Yuen Long		573	22.445	114.026	135
Az Zāwīyah		877	32.757	12.728	179
Iquique		254	-20.213	-70.15	81
Arīsh		445	31.132	33.798	102
Yuzhno-Sakhalinsk		1288	46.954	142.736	264
Rzeszów		1141	50.041	21.999	232
Talca		248	-35.423	-71.65	81
Gemena		213	3.257	19.772	75
Bīrjand		692	32.866	59.221	145
Huánuco		1105	-9.929	-76.24	227
İzmit		1478	40.765	29.929	299
Laayoune		446	27.142	-13.188	103
Khirdalan		89	40.448	49.755	31
Moundou		1401	8.574	16.077	290
Durrës		29	41.324	19.455	5
La Plata		52	-34.921	-57.954	9
Janakpur		1072	26.729	85.926	221
Montgomery		1525	32.367	-86.3	307
Kayes		913	14.448	-11.444	188
Kafr ash Shaykh		437	31.112	30.94	102
Tébessa		401	35.404	8.124	99
Düzce		1479	40.839	31.164	299
Yamaguchi		727	34.183	131.467	151
Braga		1164	41.551	-8.423	238
Hyesan		805	41.402	128.178	158
Bayamo		344	20.374	-76.643	88
Kielce		1144	50.87	20.628	232
Hamilton		1083	-37.783	175.283	224
Bojnūrd		691	37.475	57.329	145
Khujand		1419	40.283	69.622	294
Providence		1554	41.824	-71.413	308
Kofu		746	35.667	138.567	151
Tottori-shi		731	35.5	134.233	151
Hosa’ina		468	7.55	37.854	108
Riohacha		309	11.544	-72.907	86
Pilsen		354	49.747	13.378	93
Chilpancingo		958	17.552	-99.501	200
Pinar del Río		335	22.416	-83.697	88
Kırıkkale		1454	39.845	33.506	299
Batumi		525	41.641	41.631	118
Cienfuegos		341	22.147	-80.448	88
Beersheba		620	31.252	34.791	141
El Oued		400	33.356	6.863	99
Mopti		913	14.484	-4.183	188
Ad-Damazin		1321	11.789	34.359	271
Kütahya		1451	39.424	29.983	299
Potsdam		368	52.399	13.066	94
Bolu		1442	40.736	31.606	299
Abakan		1280	53.715	91.426	258
Oradea		1196	47.046	21.918	244
Saarbrücken		367	49.233	7.01	94
Skikda		400	36.876	6.909	99
Tirmiz		1576	37.224	67.278	318
Banhā		429	30.46	31.184	102
Monywa		923	22.109	95.136	189
Petropavlovsk-Kamchatsky		1289	53.064	158.628	265
Quetzaltenango		562	14.845	-91.523	131
Ploieşti		1193	44.95	26.017	244
Edirne		1442	41.677	26.556	299
Kasama		1675	-10.213	31.181	332
Jizzax		1583	40.134	67.83	318
Tiaret		400	35.371	1.317	99
La Rioja		53	-29.413	-66.856	19
Toliara		898	-23.35	43.667	185
Chlef		400	36.165	1.335	99
Sittwe		917	20.146	92.898	189
Dundo		35	-7.366	20.816	7
Basel		231	47.558	7.573	78
Gulu		1524	2.775	32.299	306
Uppsala		1326	59.859	17.639	272
Santa Ana		1380	13.988	-89.557	285
Marsá Maţrūḩ		433	31.353	27.237	102
Béjaïa		408	36.756	5.084	99
Salem		1563	44.943	-123.035	313
Karaman		1442	37.181	33.215	299
Santander		460	43.466	-3.805	105
Tlemcen		400	34.878	-1.315	99
Shimla		635	31.104	77.167	143
Bata		552	1.864	9.766	128
Tunja		303	5.545	-73.358	86
Isparta		1442	37.764	30.552	299
Klaipėda		865	55.707	21.139	176
Prizren		1649	42.214	20.74	245
Mansa		1673	-11.2	28.894	332
Carolina		1158	18.381	-65.957	235
San Luis		53	-33.291	-66.325	14
Ouargla		400	31.949	5.325	99
Olsztyn		1142	53.784	20.493	232
Jaffna		853	9.668	80.007	173
Arad		1212	46.183	21.317	244
Chetumal		959	18.52	-88.304	204
Yopal		300	5.336	-72.394	86
Florencia		321	1.615	-75.604	86
Pátra		554	38.246	21.735	129
Đồng Xoài		1640	11.535	106.883	325
Awka		1020	6.213	7.072	217
Tuguegarao		1121	17.616	121.723	230
Mary		1422	37.594	61.83	296
Wan Chai		573	22.281	114.173	135
Linköping		1329	58.411	15.622	272
Bushehr		670	28.969	50.837	145
Béchar		409	31.617	-2.217	99
Tam Kỳ		1622	15.574	108.474	325
Ðông Hà		1641	16.816	107.1	293
Ḩawallī		819	29.333	48.029	160
Musoma		1495	-1.5	33.8	303
Port-Gentil		512	-0.719	8.782	115
Sidon		845	33.558	35.371	170
Garissa		778	-0.453	39.646	152
Şalālah		1090	17.015	54.092	225
Aydın		1464	37.845	27.84	299
Al-Junaynah		1317	13.453	22.447	271
Mostaganem		400	35.931	0.089	99
Haarlem		1059	52.381	4.637	219
Arnhem		1061	51.98	5.911	219
Kitale		770	1.016	35.006	152
Kunduz		12	36.729	68.857	2
N'dalatando		38	-9.298	14.912	7
Kindia		546	10.057	-12.866	126
San Juan de los Morros		1592	9.912	-67.354	322
's-Hertogenbosch		1054	51.699	5.304	219
Szeged		598	46.253	20.148	139
Malakal		1373	9.533	31.66	283
Trà Vinh		1613	9.947	106.342	325
Koudougou		109	12.252	-2.367	36
Taunggyi		916	20.789	97.038	189
Dhamār		1656	14.543	44.405	329
Dijon		509	47.313	5.014	114
Jalapa		562	14.635	-89.991	131
Tahoua		1004	14.889	5.269	215
Tarija		133	-21.535	-64.73	44
Catamarca		53	-28.47	-65.785	16
Bordj Bou Arreridj		400	36.074	4.761	99
George Town		982	5.411	100.335	210
Gweru		1683	-19.45	29.817	333
Diourbel		1355	14.648	-16.244	280
Salzburg		65	47.799	13.044	21
Harar		469	9.314	42.118	108
Tiraspol		890	46.843	29.628	182
Escuintla		562	14.301	-90.788	131
Lampang		1414	18.292	99.493	293
Örebro		1327	59.274	15.207	272
Malabo		551	3.756	8.782	128
Tuy Hòa		1616	13.095	109.321	325
Port Louis		942	-20.162	57.499	197
Birendranagar		1073	28.597	81.617	221
Saint-Denis		1178	-20.882	55.45	243
Brăila		1207	45.272	27.974	244
La Serena		253	-29.906	-71.25	81
Miskolc		600	48.103	20.778	139
Xai-Xai		989	-25.052	33.644	212
San Cristóbal		396	18.417	-70.107	98
Limassol		349	34.684	33.038	92
Jackson		1537	32.299	-90.185	307
Souk Ahras		400	36.286	7.951	99
Andong		811	36.566	128.723	159
As Samawah		659	31.332	45.294	144
Baqubah		658	33.754	44.605	144
Stavanger		1063	58.97	5.733	220
Koforidua		534	6.094	-0.259	122
Logroño		463	42.466	-2.451	105
Erzincan		1442	39.739	39.49	299
Kırşehir		1453	39.146	34.164	299
Kokshetau		836	53.284	69.394	163
Chillán		257	-36.607	-72.103	81
Dili		1420	-8.559	125.574	295
Split		586	43.509	16.439	137
Agadez		1005	16.973	7.991	215
Sabha		876	27.038	14.428	179
Cagliari		700	39.231	9.119	147
Tambacounda		1354	13.771	-13.667	280
Jyväskylä		490	62.241	25.721	109
Arar		1302	30.975	41.038	268
Mbanza Kongo		39	-6.267	14.238	7
Kiambu		758	-1.171	36.836	152
Aktau		828	43.661	51.174	166
Manama		118	26.228	50.586	38
Colima		951	19.245	-103.713	200
Lárisa		555	39.628	22.421	129
Matanzas		336	23.044	-81.583	88
Nouadhibou		935	20.942	-17.038	194
Puerto Plata		392	19.793	-70.688	98
Jutiapa		562	14.285	-89.888	131
Médéa		405	36.264	2.754	99
Pécs		610	46.076	18.228	139
Spanish Town		716	17.991	-76.957	149
Urganch		1581	41.552	60.631	318
Bukoba		1502	-1.332	31.812	303
León		1046	12.435	-86.879	218
Navoiy		1582	40.084	65.379	318
Çanakkale		1482	40.156	26.413	299
Touggourt		400	33.111	6.07	99
Shillong		636	25.569	91.883	143
Aalborg		384	57.048	9.919	96
Ghardaïa		406	32.491	3.673	99
Saïda		404	34.83	0.152	99
Columbia		1542	34.001	-81.035	308
Kimberley		1668	-28.732	24.762	331
Ciego de Ávila		342	21.842	-78.76	88
Maykop		1250	44.608	40.102	119
Bondoukou		241	8.04	-2.8	79
Tobruk		870	32.09	23.954	179
Piteşti		1194	44.85	24.867	244
Potosí		136	-19.584	-65.753	44
Ghazni		12	33.554	68.421	2
Īlām		688	33.637	46.423	145
Coimbra		1164	40.207	-8.42	238
Mtwara		1493	-10.267	40.183	303
Buea		265	4.153	9.242	83
Ayacucho		1099	-13.164	-74.223	227
Abéché		1397	13.829	20.832	290
Darwin		71	-12.461	130.842	23
Shinyanga		1493	-3.664	33.421	303
Siem Reap		787	13.362	103.861	154
Lausanne		229	46.516	6.633	78
Kairouan		1426	35.678	10.096	297
Sarh		1398	9.146	18.383	290
Sekondi-Takoradi		531	4.927	-1.758	122
Bizerte		1434	37.274	9.874	297
Bertoua		266	4.577	13.685	83
Jacmel		593	18.236	-72.537	138
Vĩnh Long		1613	10.254	105.972	325
Praia		345	14.932	-23.513	89
Ponce		1158	18.01	-66.624	235
Bhisho		1665	-32.847	27.442	331
Irákleion		557	35.328	25.143	129
Antsiranana		904	-12.317	49.292	185
Dawei		915	14.082	98.192	189
Phủ Lý		1628	20.545	105.912	293
Bacău		1211	46.567	26.914	244
Rabak		1311	13.181	32.74	271
Tây Ninh		1621	11.31	106.098	325
Kutaisi		524	42.268	42.695	118
Cap-Haïtien		596	19.759	-72.198	138
Laghouat		400	33.8	2.865	99
Sibiu		1188	45.8	24.15	244
Abakaliki		1042	6.325	8.114	217
Valdivia		246	-39.814	-73.246	81
Gao		913	16.272	-0.045	188
M'Sila		400	35.709	4.537	99
Franceville		515	-1.633	13.584	115
Dunedin		1084	-45.874	170.504	224
Innsbruck		68	47.263	11.395	21
Surat Thani		1414	9.14	99.333	293
Ajdabiya		874	30.755	20.226	179
Jijel		400	36.821	5.764	99
Abengourou		242	6.73	-3.496	79
Ho		535	6.601	0.471	122
Lào Cai		1632	22.486	103.971	293
Udon Thani		1414	17.416	102.786	293
Umeå		1322	63.828	20.26	272
Masaya		1044	11.973	-86.096	218
Mardin		1442	37.313	40.744	299
Zwolle		1052	52.513	6.094	219
Baidoa		1368	3.114	43.65	281
Tokat		1472	40.314	36.554	299
Al Bayḑā’		873	32.763	21.755	179
Győr		613	47.683	17.635	139
Copiapó		255	-27.367	-70.332	81
Quibdó		310	5.692	-76.658	86
Guelmim		885	28.987	-10.057	180
Shahr-e Kord		674	32.326	50.857	145
Carnot		218	4.943	15.877	76
Zacatecas		951	22.768	-102.581	200
Bingöl		1462	38.885	40.494	299
Idlib		1385	35.931	36.634	287
Leiria		1164	39.744	-8.807	238
Puno		1099	-15.84	-70.022	227
Sakakah		1294	29.97	40.206	268
Rustavi		523	41.563	44.979	118
Västerås		1325	59.616	16.553	272
Opole		1150	50.671	17.926	232
Yevlakh		84	40.618	47.15	31
Wau		1372	7.701	27.99	283
Chiang Mai		1414	18.79	98.985	293
Lafia		1026	8.494	8.515	217
Sancti Spíritus		334	21.934	-79.44	88
Nakhon Ratchasima		1414	14.971	102.102	293
Chinandega		1051	12.63	-87.131	218
Topeka		1532	39.048	-95.678	307
Puerto Ayacucho		1597	5.66	-67.583	322
Les Cayes		595	18.192	-73.749	138
Savannakhet		839	16.57	104.762	169
Giresun		1442	40.917	38.387	299
Kastamonu		1442	41.378	33.775	299
‘Ajlūn		723	32.333	35.753	150
Kuopio		488	62.892	27.677	109
Karabük		1477	41.205	32.628	299
Willemstad		347	12.122	-68.886	90
Bălţi		893	47.763	27.929	182
Semnan		670	35.577	53.392	145
San Francisco de Macorís		391	19.294	-70.253	98
Santa Tecla		1382	13.677	-89.283	285
Ouahigouya		107	13.577	-2.418	36
Ağrı		1455	39.715	43.04	299
Leeuwarden		1058	53.203	5.81	219
Bến Tre		1613	10.241	106.376	325
Salvaleón de Higüey		393	18.615	-68.708	98
Relizane		400	35.737	0.556	99
Manas		785	40.945	72.993	153
Ubon Ratchathani		1414	15.238	104.849	293
Cherkessk		1263	44.224	42.046	119
Maastricht		1056	50.848	5.689	219
Tekirdağ		1473	40.978	27.511	299
Kaya		110	13.088	-1.084	36
Bern		230	46.948	7.447	78
Lahti		487	60.983	25.662	109
Stara Zagora		115	42.432	25.643	37
Ondjiva		43	-17.067	15.733	7
Ruse		115	43.849	25.953	37
Hartford		1546	41.764	-72.685	308
Dolisie		225	-4.198	12.667	77
Trento		703	46.068	11.121	147
San Carlos		1595	9.664	-68.587	322
Perugia		707	43.112	12.389	147
Guelma		400	36.462	7.426	99
Nabatîyé et Tahta		848	33.379	35.484	170
Rize		1474	41.021	40.522	299
Battambang		787	13.103	103.198	154
Fujairah		3	25.116	56.341	1
Reykjavík		697	64.135	-21.895	146
Huaraz		1104	-9.526	-77.529	227
Hưng Yên		1634	20.646	106.051	293
Zielona Góra		1146	51.935	15.506	232
Setúbal		1163	38.524	-8.888	238
Nakhon Pathom		1414	13.82	100.044	293
Abomey		128	7.183	1.991	40
Sokodé		1410	8.983	1.133	292
Jalingo		1030	8.894	11.36	217
Nyíregyháza		599	47.955	21.717	139
Banfora		114	10.641	-4.753	36
Punta Arenas		251	-53.163	-70.909	82
Kristiansand		1067	58.147	7.996	220
Kyzyl		1275	51.711	94.438	258
Taldykorgan		831	45.016	78.374	163
Orléans		504	47.902	1.904	114
Rouen		501	49.443	1.099	114
Uzhhorod		1508	48.624	22.295	304
Vlorë		25	40.47	19.484	5
Amasya		1442	40.653	35.833	299
Mendoza		53	-32.889	-68.846	18
Mandera		767	3.937	41.857	152
Gyumri		33	40.793	43.846	6
Gorzów Wielkopolski		1146	52.734	15.225	232
Aryanah		1436	36.86	10.193	297
Khenchela		400	35.436	7.143	99
Khon Kaen		1414	16.447	102.833	293
Springfield		1530	39.802	-89.644	307
Pleiku		1626	13.983	108	325
Salto		1569	-31.388	-57.96	317
Siirt		1442	37.929	41.941	299
Louga		1354	15.619	-16.224	280
Jönköping		1332	57.781	14.156	272
Lansing		1549	42.733	-84.556	311
Satu Mare		1190	47.799	22.863	244
Kisii		772	-0.682	34.767	152
Guanare		1601	9.039	-69.734	322
Port Blair		640	11.666	92.746	143
Kandy		852	7.291	80.634	173
Kilis		1442	36.716	37.115	299
Chiquimula		562	14.801	-89.546	131
Mongu		1672	-15.248	23.127	332
Beau Bassin-Rose Hill		943	-20.233	57.466	197
Namur		103	50.467	4.867	35
Bokhtar		1417	37.837	68.778	294
Manzini		1393	-26.499	31.38	288
St. John's		191	47.565	-52.709	72
Bender		892	46.832	29.477	182
Mbombela		1662	-25.475	30.969	331
Gabès		1429	33.881	10.098	297
Kecskemét		611	46.906	19.691	139
San Juan		53	-31.537	-68.526	15
Matagalpa		1043	12.928	-85.919	218
Baia Mare		1210	47.657	23.568	244
Mascara		400	35.397	0.14	99
Trincomalee		851	8.578	81.229	173
Sohar		1089	24.347	56.709	225
Birnin Kebbi		1038	12.454	4.197	217
Rijeka		587	45.327	14.442	137
As Salţ		722	32.039	35.727	150
Mitrovicë		1650	42.883	20.867	245
Elista		1262	46.308	44.255	119
Rayong		1414	12.681	101.258	293
Sirte		875	31.209	16.589	179
Dakhla		446	23.685	-15.958	103
Sơn La		1623	21.326	103.919	293
Mingachevir		88	40.764	47.062	31
Drammen		1068	59.744	10.204	220
Funchal		1165	32.666	-16.925	239
Jizan		1298	16.889	42.551	268
Tuyên Quang		1617	21.824	105.214	293
Zhezqazghan		829	47.794	67.706	163
Tizi Ouzou		400	36.712	4.046	99
Kara		1411	9.551	1.186	292
Séguéla		243	7.961	-6.673	79
Totonicapán		564	14.912	-91.361	131
Ad-Damir		1320	17.599	33.972	271
Berbérati		222	4.261	15.792	76
Male		944	4.175	73.509	198
Gardez		17	33.597	69.226	2
Kolda		1354	12.894	-14.941	280
Viseu		1164	40.662	-7.909	238
Buzău		1205	45.15	26.833	244
Francistown		175	-21.17	27.508	62
Liberec		358	50.767	15.056	93
Santa Rosa		56	-36.616	-64.29	11
Piatra Neamţ		1195	46.917	26.333	244
Darnah		871	32.767	22.637	179
La Vega		392	19.22	-70.531	98
Nakhon Si Thammarat		1414	8.433	99.967	293
Maldonado		1574	-34.898	-54.95	317
Zonguldak		1470	41.451	31.793	299
Iğdır		1457	39.924	44.045	299
Székesfehérvár		608	47.19	18.41	139
Khanty-Mansiysk		1271	61.002	69.027	248
Ébolowa		263	2.9	11.15	83
Albany		1553	42.653	-73.756	308
Elbasan		24	41.111	20.082	5
Puerto Barrios		567	15.727	-88.598	131
Klagenfurt am Wörthersee		67	46.625	14.305	21
Gangtok		651	27.326	88.612	143
P’yŏngsŏng		794	39.246	125.872	158
Chanthaburi		1414	12.61	102.104	293
Tucupita		1590	9.063	-62.052	322
Santiago de Compostela		459	42.881	-8.546	105
Olomouc		357	49.596	17.252	93
Šiauliai		863	55.933	23.317	176
Burao		1364	9.522	45.534	281
Kohima		647	25.675	94.111	143
Choma		1677	-16.809	26.988	332
Thimphu		169	27.466	89.642	61
Bridgetown		94	13.107	-59.62	33
Dar‘ā		1388	32.619	36.102	287
Erdenet		928	49.033	104.083	190
Gambēla		471	8.25	34.583	108
Jérémie		592	18.65	-74.117	138
Brikama		542	13.271	-16.649	125
Naxçıvan		80	39.209	45.412	31
Chimaltenango		562	14.659	-90.822	131
Magway		918	20.15	94.932	189
Tumbes		1099	-3.556	-80.443	227
Yasuj		669	30.668	51.588	145
Schwerin		366	53.629	11.413	94
Estelí		1050	13.093	-86.356	218
Maribor		1338	46.556	15.646	275
Khōst		13	33.34	69.92	2
Río Gallegos		60	-51.625	-69.252	17
Shkodër		27	42.068	19.513	5
Burdur		1442	37.72	30.291	299
Inhambane		996	-23.865	35.383	212
Gafsa		1426	34.425	8.784	297
Labuan		977	5.28	115.248	210
Lindi		1493	-9.997	39.716	303
Aqaba		721	29.527	35.008	150
Djougou		125	9.709	1.666	40
Gjakovë		1651	42.38	20.431	245
Yala		1414	6.54	101.281	293
České Budějovice		361	48.974	14.474	93
Monastir		1438	35.778	10.826	297
Kalibo		1124	11.709	122.365	230
Râmnicu Vâlcea		1191	45.1	24.367	244
Galle		854	6.046	80.21	173
Jinja		1523	0.439	33.203	306
Nouméa		1002	-22.274	166.449	214
Sunyani		532	7.34	-2.327	122
Magadan		1290	59.563	150.802	266
Njombe		1493	-9.349	34.772	303
Ratchaburi		1414	13.537	99.817	293
Muğla		1450	37.218	28.366	299
Muan		812	34.99	126.479	159
Kars		1476	40.598	43.085	299
Tartu		425	58.381	26.725	101
Niğde		1447	37.966	34.679	299
Myitkyina		921	25.383	97.396	189
Thakhèk		841	17.41	104.831	169
Chinhoyi		1684	-17.367	30.2	333
‘Amrān		1657	15.659	43.944	329
Hradec Králové		360	50.209	15.833	93
Çankırı		1481	40.6	33.615	299
Retalhuleu		562	14.536	-91.678	131
Palmerston North		1077	-40.356	175.611	224
Guliston		1584	40.495	68.775	319
Ústí nad Labem		352	50.661	14.032	93
Masvingo		1680	-20.064	30.828	333
Pleven		115	43.418	24.617	37
Wajir		757	1.747	40.057	152
New Plymouth		1078	-39.067	174.083	224
Botoşani		1208	47.75	26.667	244
Fort-de-France		932	14.604	-61.074	193
Ancona		714	43.607	13.51	147
Trenton		1552	40.217	-74.743	308
Granada		1049	11.931	-85.954	218
Lankaran		82	38.754	48.851	31
Miragoâne		591	18.446	-73.09	138
Hongseong		815	36.601	126.665	159
Sambava		900	-14.267	50.167	185
Pardubice		355	50.041	15.777	93
Al Bahah		1303	20.013	41.468	268
Ben Arous		1433	36.755	10.222	297
Yozgat		1442	39.82	34.804	299
Balkanabat		1421	39.511	54.367	296
Arecibo		1158	18.472	-66.716	235
Kadugli		1314	11.011	29.718	271
Santa Fe		1559	35.687	-105.938	314
Lerik		81	38.774	48.415	31
Caguas		1158	18.234	-66.049	235
Toledo		450	39.858	-4.023	105
Al Farwānīyah		821	29.277	47.959	160
Tulcán		412	0.812	-77.717	100
Nitra		1346	48.308	18.085	277
Gbarnga		859	6.995	-9.471	174
Melilla		449	35.294	-2.938	107
Galway		615	53.272	-9.051	140
Panevėžys		864	55.732	24.36	176
Arauca		327	7.085	-70.759	86
El Bayadh		400	33.683	1.019	99
Maun		173	-19.983	23.417	62
Al Marj		871	32.493	20.829	179
Makeni		1349	8.886	-12.044	278
Gia Nghĩa		1629	12.004	107.691	325
Puerto Maldonado		1108	-12.589	-69.199	227
Vwawa		1492	-9.108	32.935	303
Gonaïves		594	19.448	-72.689	138
Rivera		1570	-30.905	-55.551	317
Dien Bien Phu		1642	21.386	103.023	293
Tlaxcala		951	19.318	-98.238	200
Kasserine		1437	35.168	8.837	297
Karakol		784	42.49	78.392	153
Suceava		1186	47.633	26.25	244
Trinidad		132	-14.832	-64.903	44
Timbuktu		912	16.773	-3.007	188
Techiman		529	7.591	-1.939	122
Darhan		929	49.487	105.923	190
Sliven		115	42.686	26.326	37
Ceuta		449	35.889	-5.32	105
Pori		483	61.481	21.785	109
Al Khārjah		442	25.451	30.547	102
Bambari		216	5.768	20.676	76
Lodwar		769	3.12	35.596	152
Prešov		1341	48.999	21.235	277
David		1097	8.427	-82.431	226
Montego Bay		718	18.471	-77.919	149
Muş		1449	38.732	41.485	299
Pernik		115	42.597	23.033	37
Mādabā		720	31.716	35.794	150
Nakhon Sawan		1414	15.705	100.137	293
Bolgatanga		537	10.786	-0.851	122
Tamanghasset		402	22.785	5.523	99
Bartın		1484	41.636	32.337	299
Luzern		228	47.05	8.306	78
Paysandú		1571	-32.317	-58.081	317
Guaynabo		1158	18.357	-66.111	235
Reşiţa		1192	45.301	21.889	244
Žilina		1343	49.223	18.739	277
Aveiro		1164	40.646	-8.646	238
Buta		203	2.786	24.73	74
Atakpamé		1413	7.533	1.133	292
Meru		765	0.046	37.656	152
Nyeri		759	-0.42	36.948	152
Drobeta-Turnu Severin		1201	44.627	22.653	244
Lelystad		1057	52.508	5.475	219
Huehuetenango		562	15.321	-91.47	131
Dosso		1007	13.049	3.194	215
Phuket		1414	7.891	98.398	293
Mamou		545	10.375	-12.091	126
Catanzaro		699	38.882	16.601	147
Bistriţa		1209	47.133	24.5	244
Chiang Rai		1414	19.909	99.832	293
Isiolo		777	0.355	37.582	152
Joensuu		491	62.601	29.763	109
Santa Cruz del Quiché		565	15.03	-91.149	131
Goma		201	-1.674	29.228	74
Zahlé		843	33.847	35.902	170
Daugavpils		867	55.883	26.533	178
Wa		528	10.061	-2.502	122
Vanadzor		32	40.807	44.497	6
Kouvola		489	60.867	26.7	109
Szombathely		607	47.231	16.622	139
Colón		1098	9.36	-79.9	226
Kuacjok		1374	8.303	27.98	283
Pakse		840	15.12	105.799	169
Luleå		1323	65.584	22.155	272
Hakkâri		1461	37.574	43.741	299
Nazareth		619	32.701	35.297	141
Mazatenango		568	14.534	-91.503	131
Suva		494	-18.137	178.425	110
Santa Cruz de Barahona		388	18.209	-71.101	98
Mafikeng		1664	-25.865	25.644	331
Luxembourg		866	49.61	6.133	177
Babahoyo		423	-1.805	-79.525	100
Lae		1118	-6.723	146.996	229
Ramla		618	31.926	34.864	141
Sakon Nakhon		1414	17.161	104.147	293
Mbabane		1392	-26.317	31.133	288
Maymana		10	35.921	64.784	2
Ciudad Choluteca		584	13.306	-87.179	136
Buchanan		860	5.877	-10.05	174
Sankt Gallen		227	47.424	9.375	78
Osijek		588	45.551	18.694	137
Nevşehir		1448	38.625	34.712	299
Kampong Chhnang		787	12.25	104.667	154
Trujillo Alto		1158	18.355	-66.007	235
Rundu		1001	-17.918	19.773	213
Pedro Juan Caballero		1169	-22.549	-55.739	241
Bismarck		1562	46.808	-100.784	307
Kumanovo		910	42.133	21.716	187
Encarnación		1170	-27.332	-55.867	241
Gävle		1335	60.675	17.142	272
Molepolole		171	-24.407	25.495	62
Keren		447	15.778	38.451	104
Moroni		791	-11.702	43.255	156
Am Timan		1396	11.043	20.283	290
Banská Bystrica		1348	48.739	19.149	277
Bilecik		1442	40.142	29.979	299
Bosaso		1365	11.284	49.182	281
Kilifi		773	-3.63	39.85	152
Gbadolite		202	4.279	21.003	75
Prilep		910	41.346	21.554	187
Al Buraymī		1094	24.251	55.793	225
Birobidzhan		1287	48.793	132.92	261
Cao Bằng		1643	22.666	106.258	293
Târgu Jiu		1183	45.05	23.283	244
Asaba		1012	6.198	6.732	217
Bonao		395	18.942	-70.411	98
Fada N'gourma		111	12.062	0.358	36
Mayagüez		1160	18.201	-67.14	235
Sihanoukville		789	10.609	103.53	154
Zlín		351	49.226	17.671	93
San Juan de la Maguana		390	18.806	-71.226	98
Oyem		513	1.599	11.579	115
Lappeenranta		486	61.059	28.189	109
Shumen		115	43.271	26.923	37
Abancay		1115	-13.634	-72.884	227
Guanajuato		951	21.019	-101.259	200
Nizwá		1091	22.933	57.533	225
Larnaca		350	34.922	33.628	92
Busia		781	0.46	34.112	152
Bouar		219	5.934	15.596	76
Migori		764	-1.063	34.473	152
Medenine		1431	33.355	10.505	297
Trujillo		1591	9.366	-70.437	322
Yalova		1442	40.655	29.277	299
Szolnok		597	47.181	20.198	139
Växjö		1324	56.878	14.809	272
Tôlanaro		899	-25.032	46.983	185
Sur		1088	22.567	59.529	225
Panjim		644	15.496	73.826	143
Doba		1405	8.664	16.853	290
Aïn Temouchent		410	35.297	-1.14	99
Pala		1399	9.365	14.907	290
Halmstad		1333	56.674	12.857	272
Nabeul		1430	36.456	10.738	297
Faro		1164	37.019	-7.927	238
Şirvan		83	39.938	48.929	31
Dimbokro		232	6.647	-4.705	79
Faranah		546	10.04	-10.743	126
Baikonur		827	45.617	63.317	168
Moquegua		1109	-17.197	-70.936	227
Vaasa		478	63.096	21.616	109
Āsosa		475	10.067	34.533	108
Dobrich		115	43.565	27.831	37
Bitola		910	41.032	21.336	187
Ambovombe		907	-25.178	46.087	185
Mindelo		346	16.89	-24.98	89
Inongo		212	-1.927	18.288	75
Assen		1060	52.997	6.562	219
Bouïra		407	36.375	3.902	99
Hämeenlinna		493	60.996	24.464	109
Sheki		87	41.192	47.171	31
Adrar		400	27.874	-0.294	99
Artemisa		338	22.814	-82.758	88
Bungoma		782	0.564	34.561	152
Blagoevgrad		115	42.015	23.098	37
Saraburi		1414	14.533	100.917	293
Şırnak		1446	37.514	42.454	299
Xaçmaz		85	41.464	48.806	31
Babati		1503	-4.217	35.75	303
Chaguanas		1486	10.517	-61.417	300
Liepāja		868	56.505	21.011	178
Zadar		585	44.116	15.225	137
Oum el Bouaghi		400	35.875	7.114	99
Târgovişte		1184	44.925	25.457	244
Tataouine		1426	32.93	10.452	297
Seinäjoki		481	62.794	22.828	109
Trang		1414	7.556	99.611	293
Baní		397	18.28	-70.332	98
Karlskrona		1331	56.162	15.587	272
Focșani		1200	45.7	27.183	244
Napier		1080	-39.493	176.912	224
Rajin		803	42.256	130.283	158
Marondera		1681	-18.185	31.552	333
Tissemsilt		400	35.607	1.811	99
Calapan		1130	13.412	121.18	230
Kherson		1509	46.637	32.615	304
Tatabánya		606	47.592	18.381	139
Rovaniemi		482	66.499	25.689	109
Tulcea		1181	45.179	28.805	244
Ioánnina		558	39.663	20.852	129
Sokhumi		522	43.007	40.989	119
Narok		760	-1.081	35.871	152
Salamá		566	15.102	-90.319	131
Belize City		182	17.5	-88.198	64
Cheyenne		1566	41.14	-104.82	314
Bāzārak		20	35.313	69.515	2
Embu		779	-0.54	37.457	152
Gitega		119	-3.427	29.925	39
Haskovo		115	41.934	25.556	37
Bandar Seri Begawan		131	4.89	114.94	43
Kaposvár		612	46.367	17.8	139
Taloqan		6	36.736	69.535	2
Alba Iulia		1213	46.067	23.583	244
Koulikoro		913	12.863	-7.56	188
Kangar		986	6.441	100.199	210
Machakos		768	-1.522	37.265	152
Boké		549	10.932	-14.291	126
Bongor		1406	10.281	15.374	290
Kanchanaburi		1414	14.004	99.548	293
Yambol		115	42.482	26.5	37
Dédougou		112	12.464	-3.461	36
Nong Khai		1414	17.878	102.742	293
Samut Sakhon		1414	13.548	100.274	293
Slatina		1187	44.433	24.367	244
Mila		400	36.45	6.264	99
Gorno-Altaysk		1278	51.961	85.919	259
Tetovo		910	42.01	20.971	187
Fredericton		185	45.945	-66.666	67
Limón		330	9.991	-83.036	87
Vaslui		1180	46.633	27.733	244
Mong Kok		577	22.319	114.171	135
Trnava		1344	48.378	17.586	277
Phitsanulok		1414	16.825	100.259	293
Berat		30	40.706	19.952	5
Kiffa		937	16.621	-11.402	194
Tenkodogo		106	11.784	-0.372	36
Zalaegerszeg		604	46.837	16.844	139
Bāmyān		19	34.822	67.827	2
Moca		394	19.393	-70.523	98
Songkhla		1414	7.199	100.595	293
Kampong Cham		787	11.993	105.463	154
Ngozi		119	-2.908	29.831	39
Béja		1435	36.726	9.182	297
Cayenne		526	4.938	-52.335	120
Karlstad		1330	59.379	13.504	272
La Chorrera		1096	8.878	-79.78	226
Gaalkacyo		1363	6.77	47.431	281
Dar Naim		939	18.108	-15.927	194
Anuradhapura		856	8.312	80.413	173
Tacuarembó		1568	-31.719	-55.979	317
Lokoja		1022	7.797	6.74	217
Zacapa		562	14.969	-89.527	131
Vejle		382	55.709	9.536	96
Laascaanood		1369	8.477	47.36	281
Kuwait City		820	29.367	47.974	160
Mbale		766	0.082	34.721	152
Néma		936	16.617	-7.256	194
Mérida		454	38.918	-6.343	105
Békéscsaba		603	46.683	21.1	139
Ferizaj		1649	42.371	21.155	245
Itanagar		648	27.087	93.61	143
Sonsonate		1379	13.717	-89.723	285
Veliko Tŭrnovo		116	43.081	25.629	37
Azua		398	18.453	-70.735	98
Umm Al Quwain City		2	25.565	55.555	1
As-Suwayda		1389	32.709	36.57	287
Sarpsborg		1065	59.284	11.11	220
Goz Beida		1395	12.226	21.41	290
Cerro de Pasco		1114	-10.666	-76.253	227
Kamphaeng Phet		1414	16.483	99.522	293
Comayagua		583	14.456	-87.64	136
Carson City		1560	39.164	-119.767	313
Ngã Năm		1624	9.565	105.599	325
Ouled Djellal		400	34.43	5.061	99
Chaiyaphum		1414	15.81	102.029	293
Uttaradit		1414	17.626	100.094	293
Trenčín		1345	48.895	18.044	277
Korçë		23	40.619	20.781	5
San Andrés		308	12.579	-81.7	86
Kırklareli		1475	41.735	27.225	299
Nikšić		895	42.773	18.944	183
Dapaong		1412	10.862	0.208	292
Invercargill		1082	-46.4	168.35	224
Veles		910	41.717	21.772	187
Lop Buri		1416	14.798	100.654	293
El Menia		400	30.576	2.884	99
Kaffrine		1354	14.106	-15.551	280
Garoowe		1362	8.402	48.483	281
Villa Hayes		1168	-25.093	-57.527	241
Mafraq		721	32.343	36.208	150
Veszprém		605	47.093	17.911	139
Xam Nua		838	20.416	104.045	169
Caacupé		1173	-25.386	-57.142	241
Ushuaia		55	-54.811	-68.316	10
Morondava		901	-20.289	44.318	185
Potenza		706	40.642	15.808	147
Mocoa		317	1.153	-76.652	86
Pul-e Khumrī		9	35.945	68.715	2
Honiara		1305	-9.433	159.95	269
Fier		28	40.725	19.558	5
Kaédi		938	16.151	-13.506	194
Dongola		1307	19.182	30.477	271
Kandi		124	11.134	2.939	40
Melo		1573	-32.368	-54.164	317
Bonga		473	7.289	36.242	108
Kapenguria		775	1.239	35.112	152
Chumphon		1414	10.496	99.18	293
Tsévié		1409	6.426	1.213	292
Olympia		1565	47.045	-122.902	313
Serowe		170	-22.388	26.711	62
Shibirghān		7	36.668	65.753	2
Rumonge		119	-3.974	29.439	39
San Fernando		1486	10.28	-61.468	300
Beledweyne		1367	4.736	45.204	281
Tønsberg		1062	59.268	10.408	220
Bossangoa		220	6.493	17.455	76
Aïn Defla		411	36.264	1.968	99
Pazardzhik		115	42.199	24.333	37
Zouérat		933	22.735	-12.471	194
Kalasin		1414	16.433	103.507	293
Kaga-Bandoro		217	6.99	19.187	76
Luang Prabang		842	19.893	102.153	169
Caxito		41	-8.578	13.664	7
Jinotega		1048	13.091	-86.002	218
San José de las Lajas		333	22.961	-82.152	88
Jelgava		867	56.65	23.713	178
Mamoudzou		1660	-12.782	45.229	330
Odienné		234	9.505	-7.564	79
Giurgiu		1198	43.887	25.963	244
Huacho		1112	-11.117	-77.606	227
Nelson		1079	-41.271	173.284	224
Ajaccio		511	41.919	8.738	114
Az̧ Z̧a‘āyin		1175	25.577	51.483	242
Koumra		1404	8.916	17.55	290
Diffa		1005	13.315	12.611	215
Bangassou		215	4.741	22.818	76
Eger		601	47.903	20.373	139
Kericho		774	-0.368	35.283	152
Mongo		1402	12.185	18.688	290
Charikar		18	35.014	69.171	2
El Kef		1440	36.174	8.705	297
Évora		1166	38.566	-7.904	238
Suphan Buri		1414	14.474	100.122	293
São Tomé		1376	0.338	6.73	284
Natitingou		123	10.304	1.38	40
Bitlis		1442	38.401	42.108	299
Swakopmund		1000	-22.678	14.527	213
San José del Guaviare		328	2.568	-72.64	86
Lautoka		495	-17.617	177.45	110
Pursat		787	12.539	103.919	154
Al ‘Azīzīyah		879	32.532	13.018	179
Zalău		1179	47.2	23.05	244
Kakata		858	6.531	-10.354	174
Sar-e Pul		8	36.215	65.932	2
Ta Khmau		788	11.483	104.95	154
Chake Chake		1501	-5.246	39.767	303
Lamía		556	38.899	22.433	129
Jūrmala		869	56.968	23.77	178
Gjilan		1649	42.46	21.47	245
Usulután		1377	13.345	-88.44	285
Sa'dah		1654	16.94	43.764	329
Mahdia		1439	35.505	11.062	297
Saint John’s		21	17.121	-61.843	3
Mikkeli		485	61.689	27.272	109
Maha Sarakham		1414	16.185	103.301	293
Jendouba		1432	36.501	8.78	297
Bol		1407	13.467	14.714	290
Venice		701	45.437	12.333	147
Coronel Oviedo		1171	-25.446	-56.439	241
Gostivar		910	41.796	20.908	187
Whangarei		1087	-35.732	174.324	224
Phra Nakhon Si Ayutthaya		1414	14.352	100.577	293
Boende		205	-0.282	20.881	75
Mao		1403	14.123	15.312	290
Phetchabun		1414	16.419	101.161	293
Saint Croix		1611	17.728	-64.747	324
Skien		1064	59.21	9.609	220
Ambatondrazaka		908	-17.833	48.417	185
Bindura		1685	-17.302	31.331	333
Ma'an		721	30.196	35.734	150
Mochudi		172	-24.417	26.15	62
Harrisburg		1541	40.274	-76.884	308
Jihlava		359	49.396	15.591	93
Sfântu Gheorghe		1189	45.867	25.783	244
Moyobamba		1102	-6.034	-76.974	227
Ali Sabih		380	11.156	42.712	95
Samara		476	11.793	41.006	108
Hpa-An		920	16.89	97.635	189
Juigalpa		1047	12.106	-85.365	218
Port of Spain		1486	10.667	-61.519	300
Saipan		931	15.212	145.755	192
Apia		1648	-13.833	-171.767	328
Tarawa		790	1.328	172.977	155
Banjul		543	13.453	-16.578	125
Port-Vila		1646	-17.736	168.314	326
Monaco		889	43.737	7.421	181
Oranjestad		78	12.524	-70.027	29
George Town		823	19.287	-81.374	161
Saint Helier		715	49.188	-2.105	148
Gibraltar		539	36.145	-5.353	123
Papeete		1116	-17.535	-149.568	228
Douglas		622	54.15	-4.483	142
Majuro		909	7.09	171.38	186
Moscow	Moskow|Moskva	1561	46.732	-117	313
Kingstown		1587	13.155	-61.227	321
Victoria		1306	-4.62	55.455	270
Nuku‘alofa		1441	-21.137	-175.201	298
Andorra la Vella		1	42.508	1.521	0
Castries		849	13.996	-61.006	171
Charlotte Amalie		1610	18.342	-64.931	324
Roseau		385	15.302	-61.388	97
Saint Peter Port		527	49.46	-2.535	121
Nuuk		540	64.183	-51.722	124
Belmopan		181	17.254	-88.764	64
Avarua		244	-21.207	-159.775	80
Tórshavn		498	62.01	-6.772	113
Basseterre		792	17.296	-62.725	157
Pago Pago		64	-14.278	-170.702	20
Basse-Terre		550	15.997	-61.732	127
Mariehamn		79	60.097	19.935	30
Kralendijk		139	12.15	-68.267	45
Road Town		1609	18.427	-64.621	323
Saint George's		520	12.053	-61.752	117
Palikir		497	6.925	158.161	112
Valletta		941	35.9	14.515	196
Funafuti		1487	-8.524	179.194	301
Saint-Pierre		1156	46.779	-56.177	233
Gustavia		129	17.896	-62.85	41
Marigot		896	18.068	-63.083	184
Vaduz		850	47.142	9.522	172
San Marino		1353	43.937	12.446	279
Cockburn Town		1394	21.461	-71.142	289
Longyearbyen		1340	78.223	15.647	276
Stanley		496	-51.694	-57.857	111
The Valley		22	18.217	-63.058	4
Ciudad de la Paz		553	1.593	10.824	128
Philipsburg		1383	18.026	-63.046	286
Flying Fish Cove		348	-10.422	105.679	91
Mata-Utu		1647	-13.282	-176.175	327
Yaren		1074	-0.551	166.925	222
Hagåtña		570	13.476	144.749	132
Hamilton		130	32.295	-64.783	42
Kingston		1008	-29.055	167.966	216
Vatican City		1586	41.903	12.454	320
Jamestown		1337	-15.925	-5.718	274
Alofi		1075	-19.053	-169.92	223
West Island		192	-12.157	96.823	73
Adamstown		1157	-25.066	-130.101	234
Port-aux-Français		1408	-49.349	70.219	291
Grytviken		561	-54.281	-36.509	130
Plymouth		940	16.706	-62.213	195
Ngerulmud		1167	7.501	134.624	240
